,,,,,,,,,,% of FGA by Distance,% of FGA by Distance,% of FGA by Distance,% of FGA by Distance,% of FGA by Distance,% of FGA by Distance,FG% by Distance,FG% by Distance,FG% by Distance,FG% by Distance,FG% by Distance,FG% by Distance,% of FG Ast'd,% of FG Ast'd,Dunks,Dunks,Corner 3s,Corner 3s,1/2 Court,1/2 Court,,-additional
Rk,Player,Age,Team,Pos,G,GS,MP,FG%,Dist.,2P,0-3,3-10,10-16,16-3P,3P,2P,0-3,3-10,10-16,16-3P,3P,2P,3P,%FGA,#,%3PA,3P%,Att.,Md.,Awards,-9999
1,Andrew Wiggins,21,MIN,SF,82,82,3048,.452,12.6,.816,.291,.131,.139,.253,.184,.473,.650,.374,.365,.383,.356,.414,.757,.052,77,.104,.367,1,0,,wiggian01
2,Karl-Anthony Towns,21,MIN,C,82,82,3030,.542,9.7,.814,.378,.252,.074,.109,.186,.582,.707,.499,.473,.416,.367,.596,.960,.093,130,.200,.436,3,0,,townska01
3,James Harden,27,HOU,PG,81,81,2947,.440,15.9,.507,.242,.134,.076,.053,.493,.530,.682,.364,.419,.427,.347,.095,.317,.014,21,.056,.357,3,0,MVP-2ASNBA1,hardeja01
4,Giannis Antetokounmpo,22,MIL,SF,80,80,2845,.521,8.7,.857,.496,.149,.064,.146,.143,.563,.709,.394,.338,.342,.272,.420,.714,.164,194,.111,.200,4,0,MVP-7MIP-1ASNBA2DEF2,antetgi01
5,John Wall,26,WAS,PG,78,78,2836,.451,11.9,.810,.380,.082,.109,.238,.190,.480,.593,.364,.376,.389,.327,.140,.629,.031,44,.096,.269,3,0,MVP-7ASNBA3,walljo01
6,Jimmy Butler,27,CHI,SF,76,75,2809,.455,12.9,.802,.282,.125,.164,.232,.198,.477,.612,.513,.376,.366,.367,.365,.637,.038,44,.153,.553,3,0,ASNBA3,butleji01
7,Harrison Barnes,24,DAL,PF,79,79,2803,.468,13.1,.827,.183,.186,.194,.265,.173,.492,.679,.483,.452,.398,.351,.434,.949,.045,48,.284,.317,0,0,,barneha02
8,Russell Westbrook,28,OKC,PG,81,81,2802,.425,13.8,.700,.293,.067,.171,.167,.300,.459,.576,.305,.434,.345,.343,.136,.350,.031,49,.075,.409,1,0,MVP-1ASNBA1,westbru01
9,CJ McCollum,25,POR,SG,80,80,2796,.480,15.1,.695,.178,.148,.146,.222,.305,.506,.588,.488,.507,.453,.421,.260,.741,.009,11,.155,.412,6,0,,mccolcj01
10,LeBron James,32,CLE,SF,74,74,2794,.548,11.0,.746,.432,.106,.105,.102,.254,.611,.780,.385,.440,.307,.363,.355,.492,.112,145,.102,.371,0,0,MVP-4DPOY-5ASNBA1,jamesle01
11,Trevor Ariza,31,HOU,SF,80,80,2773,.409,18.6,.305,.207,.054,.013,.031,.695,.556,.655,.395,.400,.280,.344,.615,.958,.041,29,.351,.390,1,0,,arizatr01
12,Rudy Gobert,24,UTA,C,81,81,2744,.661,1.7,.998,.845,.144,.005,.002,.002,.662,.731,.278,.667,.000,.000,.741,,.392,235,.000,,1,0,DPOY-2NBA2DEF1,goberru01
13,Kemba Walker,26,CHO,PG,79,79,2739,.444,15.0,.585,.304,.065,.073,.144,.415,.476,.549,.330,.387,.428,.399,.201,.513,.000,0,.066,.525,3,0,AS,walkeke02
14,Devin Booker,20,PHO,SG,78,78,2730,.423,14.8,.717,.202,.129,.156,.229,.283,.447,.578,.443,.381,.381,.363,.333,.762,.021,28,.133,.389,2,0,,bookede01
15,Anthony Davis,23,NOP,C,75,75,2708,.505,10.6,.912,.283,.233,.168,.228,.088,.524,.706,.454,.467,.414,.299,.644,1.000,.094,135,.082,.273,2,0,MVP-9ASNBA1DEF2,davisan02
16,Damian Lillard,26,POR,PG,75,75,2694,.444,15.1,.611,.269,.126,.080,.137,.389,.492,.600,.335,.437,.451,.370,.235,.495,.003,4,.045,.577,2,0,,lillada01
17,Paul George,26,IND,SF,75,75,2689,.461,17.1,.632,.131,.099,.121,.283,.368,.501,.625,.489,.411,.484,.393,.375,.815,.026,31,.190,.404,1,0,AS,georgpa01
18,Bradley Beal,23,WAS,SG,77,77,2684,.482,15.9,.582,.238,.101,.085,.157,.418,.538,.634,.425,.469,.505,.404,.486,.803,.038,48,.154,.447,3,0,,bealbr01
19,Jeff Teague,28,IND,PG,82,82,2657,.442,12.4,.723,.237,.295,.099,.091,.277,.475,.558,.407,.500,.458,.357,.096,.600,.002,2,.091,.304,3,0,,teaguje01
20,Gorgui Dieng,27,MIN,PF,82,82,2653,.502,10.4,.935,.337,.177,.135,.286,.065,.511,.641,.436,.449,.434,.372,.782,.938,.079,47,.721,.452,3,0,,dienggo01
21,Klay Thompson,26,GSW,SG,78,78,2649,.468,17.7,.530,.156,.061,.124,.189,.470,.516,.664,.393,.474,.462,.414,.750,.955,.004,5,.272,.432,0,0,AS,thompkl01
22,Stephen Curry,28,GSW,PG,79,79,2638,.468,18.4,.453,.219,.069,.049,.116,.547,.537,.642,.400,.451,.455,.411,.413,.639,.003,3,.136,.449,18,1,MVP-6ASNBA2,curryst01
23,DeMar DeRozan,27,TOR,SG,74,74,2620,.467,12.6,.920,.158,.216,.236,.310,.080,.484,.668,.482,.493,.384,.266,.188,.848,.020,28,.395,.408,3,0,MVP-11ASNBA3,derozde01
24,Nicolas Batum,28,CHO,SG,77,77,2617,.403,17.3,.585,.117,.102,.182,.185,.415,.453,.640,.384,.435,.389,.333,.457,.867,.013,12,.089,.333,2,0,,batumni01
25,Otto Porter Jr.,23,WAS,SF,80,80,2605,.516,16.3,.575,.197,.100,.090,.189,.425,.576,.709,.513,.500,.507,.434,.665,.966,.027,21,.402,.423,1,0,,porteot01
26,DeAndre Jordan,28,LAC,C,81,81,2570,.714,1.3,.997,.877,.120,.000,.000,.003,.717,.753,.449,,,.000,.723,,.477,253,.000,,0,0,ASNBA3,jordade01
27,Isaiah Thomas,27,BOS,PG,76,76,2569,.463,14.3,.561,.331,.104,.064,.062,.439,.528,.589,.359,.516,.500,.379,.341,.604,.000,0,.130,.429,0,0,MVP-5ASNBA2,thomais02
28,Tobias Harris,24,DET,PF,82,48,2567,.481,13.3,.705,.207,.220,.169,.108,.295,.537,.705,.474,.444,.487,.347,.502,.991,.051,50,.258,.346,2,0,,harrito02
29,Marcus Morris,27,DET,SF,79,79,2565,.418,17.3,.645,.113,.086,.192,.255,.355,.466,.623,.356,.430,.459,.331,.380,.915,.007,7,.154,.436,6,0,,morrima03
30,Marcin Gortat,32,WAS,C,82,82,2556,.579,5.0,.997,.522,.312,.141,.022,.003,.580,.702,.486,.368,.400,.000,.710,,.083,46,.000,,0,0,,gortama01
31,Myles Turner,20,IND,C,81,81,2541,.511,12.0,.868,.295,.150,.122,.300,.132,.536,.715,.469,.453,.429,.348,.812,.975,.100,86,.113,.154,1,0,,turnemy01
32,Carmelo Anthony,32,NYK,SF,74,74,2538,.433,16.6,.697,.127,.076,.211,.284,.303,.466,.563,.419,.437,.457,.359,.313,.762,.011,12,.109,.435,7,0,AS,anthoca01
33,Marc Gasol,32,MEM,C,74,74,2531,.459,13.9,.769,.129,.255,.196,.189,.231,.480,.673,.480,.441,.388,.388,.570,.981,.022,23,.019,.400,2,0,AS,gasolma01
34,Kentavious Caldwell-Pope,23,DET,SG,76,75,2529,.399,17.8,.529,.152,.079,.113,.185,.471,.442,.610,.274,.381,.413,.350,.525,.784,.020,19,.172,.467,7,0,,caldwke01
35,Kyrie Irving,24,CLE,PG,72,72,2525,.473,14.0,.689,.264,.123,.159,.144,.311,.505,.603,.362,.469,.485,.401,.223,.531,.001,2,.195,.384,1,0,AS,irvinky01
36,Gordon Hayward,26,UTA,SF,73,73,2516,.471,14.4,.676,.230,.126,.138,.181,.324,.506,.692,.425,.444,.378,.398,.429,.745,.062,68,.134,.400,1,0,AS,haywago01
37,Hassan Whiteside,27,MIA,C,77,77,2513,.557,5.4,1.000,.445,.374,.106,.075,.000,.557,.741,.423,.398,.370,,.585,,.179,163,,,0,0,DPOY-5,whiteha01
38,Wesley Matthews,30,DAL,SG,73,73,2495,.393,18.7,.434,.113,.091,.112,.119,.566,.432,.552,.377,.432,.356,.363,.296,.839,.001,1,.177,.435,2,0,,matthwe02
39,Dennis Schröder,23,ATL,PG,79,78,2485,.451,11.8,.758,.375,.125,.091,.168,.242,.487,.558,.382,.387,.456,.340,.210,.670,.002,1,.088,.500,1,0,,schrode01
40,Kawhi Leonard,25,SAS,SF,74,74,2474,.485,14.8,.705,.172,.143,.180,.210,.295,.529,.664,.527,.441,.493,.380,.384,.782,.055,67,.155,.483,0,0,MVP-3DPOY-3ASNBA1DEF1,leonaka01
41,Draymond Green,26,GSW,PF,76,76,2471,.418,12.8,.595,.394,.138,.035,.031,.405,.494,.637,.211,.174,.250,.308,.712,.975,.109,65,.068,.389,1,0,DPOY-1ASNBA3DEF1,greendr01
42,Ricky Rubio,26,MIN,PG,75,75,2469,.402,16.1,.698,.194,.062,.105,.337,.302,.443,.484,.325,.471,.434,.306,.269,.950,.000,0,.291,.298,3,0,,rubiori01
43,DeMarcus Cousins,26,2TM,C,72,72,2465,.452,11.8,.747,.339,.214,.054,.139,.253,.483,.604,.408,.312,.372,.361,.399,.893,.056,66,.030,.273,6,0,AS,couside01
43,DeMarcus Cousins,26,SAC,C,55,55,1891,.452,11.5,.761,.327,.227,.058,.147,.239,.482,.615,.406,.277,.390,.356,.424,.884,.059,56,.041,.273,4,0,,couside01
43,DeMarcus Cousins,26,NOP,C,17,17,574,.452,12.2,.694,.379,.166,.038,.111,.306,.486,.571,.423,.500,.286,.375,.302,.917,.045,10,.000,,2,0,,couside01
44,Courtney Lee,31,NYK,SG,77,74,2459,.456,16.0,.618,.163,.107,.152,.202,.382,.490,.574,.427,.486,.444,.401,.521,.889,.014,9,.405,.459,0,0,,leeco01
45,Goran Dragić,30,MIA,PG,73,73,2459,.475,12.5,.743,.267,.187,.177,.113,.257,.499,.610,.486,.417,.386,.405,.204,.658,.000,0,.211,.426,0,0,,dragigo01
46,Serge Ibaka,27,2TM,PF,79,79,2422,.480,15.5,.677,.146,.189,.177,.165,.323,.522,.727,.457,.466,.475,.391,.666,.984,.038,35,.057,.167,0,0,,ibakase01
46,Serge Ibaka,27,ORL,PF,56,56,1710,.488,14.5,.696,.171,.189,.168,.168,.304,.532,.725,.496,.449,.458,.388,.673,.976,.048,32,.061,.231,0,0,,ibakase01
46,Serge Ibaka,27,TOR,PF,23,23,712,.459,16.4,.631,.082,.190,.201,.158,.369,.494,.739,.358,.500,.523,.398,.644,1.000,.011,3,.049,.000,0,0,,ibakase01
47,Elfrid Payton,22,ORL,PG,82,58,2412,.471,9.2,.840,.424,.219,.088,.106,.160,.509,.610,.430,.363,.402,.274,.133,.900,.018,16,.253,.324,2,0,,paytoel01
48,Andre Drummond,23,DET,C,81,81,2409,.530,4.4,.992,.494,.420,.070,.004,.008,.532,.684,.381,.406,.000,.286,.603,.000,.147,118,.000,,4,1,,drumman01
49,Marcus Smart,22,BOS,SG,79,24,2399,.359,15.7,.557,.224,.179,.077,.076,.443,.420,.488,.396,.362,.333,.283,.417,.904,.013,9,.223,.419,9,0,,smartma01
50,Jordan Clarkson,24,LAL,SG,82,19,2397,.445,13.5,.668,.246,.205,.109,.106,.332,.503,.627,.445,.419,.425,.329,.253,.778,.020,18,.160,.281,1,0,,clarkjo01
51,Steven Adams,23,OKC,C,80,80,2389,.571,3.7,.998,.557,.388,.046,.005,.002,.572,.655,.488,.367,.000,.000,.668,,.198,112,.000,,1,0,,adamsst01
52,Andre Roberson,25,OKC,SF,79,79,2376,.464,10.9,.603,.518,.069,.004,.013,.397,.609,.667,.250,.000,.333,.245,.765,.978,.140,59,.451,.229,1,0,DPOY-5DEF2,roberan03
53,Solomon Hill,25,NOP,SF,80,71,2374,.383,16.3,.435,.276,.077,.048,.029,.565,.428,.523,.270,.304,.214,.348,.348,1.000,.044,17,.341,.370,2,0,,hillso01
54,Markieff Morris,27,WAS,PF,76,76,2374,.457,11.9,.780,.287,.181,.154,.157,.220,.483,.612,.422,.401,.400,.362,.597,.972,.083,65,.332,.323,0,0,,morrima02
55,Michael Kidd-Gilchrist,23,CHO,SF,81,81,2349,.477,8.2,.985,.474,.129,.121,.259,.015,.483,.621,.263,.467,.350,.111,.707,1.000,.065,39,.444,.000,2,0,,kiddgmi01
56,Paul Millsap,31,ATL,PF,69,67,2343,.442,12.2,.752,.254,.216,.184,.098,.248,.486,.611,.395,.475,.379,.311,.558,.947,.017,15,.166,.450,1,0,AS,millspa01
57,Tony Snell,25,MIL,SG,80,80,2336,.455,19.0,.344,.170,.048,.052,.078,.656,.548,.685,.308,.464,.429,.406,.657,.993,.039,19,.386,.394,0,0,,snellto01
58,Tristan Thompson,25,CLE,C,78,78,2336,.600,3.0,.993,.686,.263,.034,.009,.007,.604,.677,.435,.467,.500,.000,.710,,.293,122,.000,,1,0,,thomptr01
59,LaMarcus Aldridge,31,SAS,PF,72,72,2335,.477,11.8,.947,.222,.194,.202,.328,.053,.480,.700,.422,.387,.424,.411,.577,.957,.041,37,.411,.435,0,0,DPOY-8,aldrila01
60,Jae Crowder,26,BOS,SF,72,72,2335,.463,17.9,.453,.213,.039,.038,.164,.547,.540,.739,.321,.444,.356,.398,.761,.930,.018,13,.228,.478,1,0,,crowdja01
61,Eric Gordon,28,HOU,SG,75,15,2323,.406,18.7,.349,.194,.094,.015,.044,.651,.468,.574,.365,.200,.333,.372,.446,.841,.007,6,.130,.372,2,0,6MOY-1,gordoer01
62,Aaron Gordon,21,ORL,SF,80,72,2298,.454,12.7,.691,.361,.092,.106,.131,.309,.528,.683,.325,.446,.319,.288,.503,.844,.123,99,.255,.265,3,0,,gordoaa01
63,Marvin Williams,30,CHO,PF,76,76,2295,.422,15.7,.497,.230,.143,.070,.055,.503,.494,.611,.416,.367,.359,.350,.717,.976,.020,14,.246,.368,1,1,,willima02
64,Mike Conley,29,MEM,PG,69,68,2292,.460,16.2,.585,.199,.135,.083,.167,.415,.497,.607,.471,.405,.432,.408,.266,.561,.001,1,.115,.438,9,0,,conlemi01
65,Brandon Ingram,19,LAL,SF,79,40,2279,.402,12.9,.727,.278,.141,.150,.159,.273,.443,.607,.289,.330,.394,.294,.362,.982,.047,30,.412,.364,1,0,,ingrabr01
66,Robin Lopez,28,CHI,C,81,81,2271,.493,8.8,.997,.312,.324,.094,.267,.003,.494,.566,.474,.452,.449,.000,.681,,.040,26,.500,.000,0,0,,lopezro01
67,Allen Crabbe,24,POR,SG,79,7,2254,.468,17.7,.533,.153,.088,.070,.224,.467,.490,.646,.404,.467,.421,.444,.775,.970,.005,3,.268,.420,0,0,,crabbal01
68,Kyle Lowry,30,TOR,PG,60,60,2244,.464,16.4,.490,.194,.167,.059,.071,.510,.518,.680,.399,.463,.400,.412,.142,.523,.000,0,.083,.308,1,0,AS,lowryky01
69,Thaddeus Young,28,IND,PF,74,74,2237,.527,8.3,.828,.438,.281,.044,.067,.172,.557,.651,.482,.400,.348,.381,.729,.978,.061,36,.492,.345,1,0,,youngth01
70,P.J. Tucker,31,2TM,SF,81,21,2236,.413,13.8,.593,.299,.160,.071,.062,.407,.451,.507,.377,.412,.433,.357,.457,.986,.015,7,.770,.391,1,0,,tuckepj01
70,P.J. Tucker,31,PHO,SF,57,17,1627,.415,12.8,.616,.319,.155,.079,.059,.384,.463,.522,.364,.464,.429,.338,.436,.978,.020,7,.787,.364,1,0,,tuckepj01
70,P.J. Tucker,31,TOR,SF,24,4,609,.406,14.7,.531,.242,.172,.047,.070,.469,.412,.452,.409,.167,.444,.400,.536,1.000,.000,0,.733,.455,0,0,,tuckepj01
71,Evan Fournier,24,ORL,SG,68,66,2234,.439,14.2,.613,.276,.166,.065,.105,.387,.491,.591,.416,.450,.378,.356,.457,.875,.011,10,.172,.387,2,0,,fournev01
72,Maurice Harkless,23,POR,SF,77,69,2223,.503,9.9,.689,.522,.112,.014,.042,.311,.572,.613,.457,.444,.385,.351,.626,1.000,.119,69,.459,.303,1,0,,harklma01
73,Brook Lopez,28,BRK,C,75,75,2222,.474,12.6,.670,.229,.298,.108,.037,.330,.536,.675,.479,.468,.326,.346,.504,.985,.049,55,.137,.415,0,0,,lopezbr01
74,Victor Oladipo,24,OKC,SG,67,67,2222,.442,14.5,.622,.265,.092,.118,.144,.378,.491,.607,.349,.418,.440,.361,.428,.882,.041,36,.307,.435,2,0,,oladivi01
75,Dwight Howard,31,ATL,C,74,74,2199,.633,2.9,.997,.757,.175,.029,.038,.003,.635,.735,.327,.333,.261,.000,.657,,.346,199,1.000,.000,0,0,,howardw01
76,JJ Redick,32,LAC,SG,78,78,2198,.445,20.3,.474,.076,.056,.049,.293,.526,.462,.559,.480,.341,.452,.429,.815,.955,.000,0,.143,.478,0,0,,redicjj01
77,Wilson Chandler,29,DEN,SF,71,33,2197,.461,13.5,.653,.266,.190,.093,.104,.347,.527,.680,.433,.391,.429,.337,.495,.918,.051,46,.248,.284,1,0,,chandwi01
78,Al Horford,30,BOS,C,68,68,2193,.473,13.4,.698,.213,.220,.127,.136,.302,.524,.708,.472,.392,.450,.355,.590,.977,.052,41,.157,.368,0,0,,horfoal01
79,Jrue Holiday,26,NOP,PG,67,61,2190,.454,13.4,.685,.292,.158,.095,.140,.315,.498,.598,.461,.506,.328,.356,.230,.480,.020,16,.132,.378,1,0,,holidjr01
80,Nik Stauskas,23,PHI,SG,80,27,2188,.396,17.2,.434,.241,.062,.057,.073,.566,.433,.536,.205,.472,.261,.368,.487,.818,.027,16,.189,.485,1,0,,stausni01
81,Tyler Johnson,24,MIA,PG,73,0,2178,.433,13.9,.697,.261,.149,.087,.198,.303,.460,.595,.439,.292,.374,.372,.451,.957,.046,35,.208,.385,2,0,6MOY-11,johnsty01
82,Eric Bledsoe,27,PHO,PG,66,66,2176,.434,13.8,.700,.278,.143,.105,.178,.300,.477,.606,.459,.385,.332,.335,.116,.510,.004,4,.077,.292,4,0,,bledser01
83,Kristaps Porziņģis,21,NYK,PF,66,65,2164,.450,14.1,.681,.207,.162,.196,.116,.319,.493,.701,.338,.482,.360,.357,.668,.982,.086,78,.111,.429,0,0,,porzikr01
84,Nikola Vučević,26,ORL,C,75,55,2163,.468,11.4,.927,.215,.256,.193,.264,.073,.481,.608,.485,.417,.419,.307,.617,1.000,.017,16,.080,.167,0,0,,vucevni01
85,Jamal Crawford,36,LAC,SG,82,1,2157,.413,17.7,.630,.093,.125,.122,.292,.370,.443,.556,.385,.434,.433,.360,.210,.612,.002,2,.171,.382,5,2,6MOY-7,crawfja01
86,Tim Hardaway Jr.,24,ATL,SG,79,30,2154,.455,15.5,.543,.292,.078,.066,.107,.457,.537,.654,.408,.400,.398,.357,.635,.846,.054,47,.168,.414,4,0,6MOY-10,hardati02
87,Mason Plumlee,26,2TM,C,81,64,2148,.536,4.8,.990,.626,.197,.080,.090,.010,.541,.654,.398,.320,.250,.000,.719,,.226,131,.000,,5,0,,plumlma01
87,Mason Plumlee,26,POR,C,54,54,1516,.532,5.3,.989,.609,.190,.081,.109,.011,.538,.658,.381,.389,.250,.000,.740,,.215,90,.000,,4,0,,plumlma01
87,Mason Plumlee,26,DEN,C,27,10,632,.547,4.2,.994,.669,.215,.077,.044,.006,.550,.645,.436,.143,.250,.000,.667,,.254,41,.000,,1,0,,plumlma01
88,Ersan İlyasova,29,3TM,PF,82,52,2142,.431,16.4,.548,.245,.098,.081,.124,.452,.496,.601,.368,.375,.473,.353,.736,.930,.009,8,.204,.427,0,0,,ilyaser01
88,Ersan İlyasova,29,OKC,PF,3,0,62,.375,18.7,.250,.250,.000,.000,.000,.750,.750,.750,,,,.250,.333,1.000,.000,0,.250,.333,0,0,,ilyaser01
88,Ersan İlyasova,29,PHI,PF,53,40,1447,.440,16.0,.540,.235,.100,.077,.128,.460,.509,.658,.369,.320,.458,.359,.736,.925,.011,7,.185,.455,0,0,,ilyaser01
88,Ersan İlyasova,29,ATL,PF,26,12,633,.412,14.6,.593,.274,.097,.097,.119,.407,.455,.452,.364,.500,.519,.348,.754,.938,.004,1,.261,.375,0,0,,ilyaser01
89,Danilo Gallinari,28,DEN,SF,63,63,2134,.447,16.6,.568,.208,.073,.097,.188,.432,.491,.679,.382,.329,.411,.389,.502,.952,.063,39,.185,.433,0,0,,gallida01
90,T.J. McConnell,24,PHI,PG,81,51,2133,.461,9.2,.893,.350,.273,.174,.096,.107,.492,.615,.407,.461,.347,.200,.244,.909,.000,0,.164,.222,2,0,,mccontj01
91,Julius Randle,22,LAL,PF,74,73,2132,.488,7.1,.918,.437,.335,.062,.085,.082,.507,.651,.367,.500,.318,.270,.489,.941,.067,50,.063,.500,0,0,,randlju01
92,Dario Šarić,22,PHI,PF,81,36,2129,.411,14.2,.632,.283,.146,.056,.149,.368,.469,.599,.437,.404,.275,.311,.513,.925,.015,12,.082,.357,1,0,ROY-2,saricda01
93,Robert Covington,26,PHI,SF,67,67,2119,.399,16.2,.437,.288,.101,.016,.031,.563,.484,.588,.257,.333,.348,.333,.652,.942,.027,14,.080,.303,0,0,DPOY-4,covinro01
94,Ryan Anderson,28,HOU,PF,72,72,2116,.418,19.9,.345,.144,.074,.035,.092,.655,.446,.568,.351,.444,.338,.403,.378,.975,.009,6,.142,.542,0,0,,anderry01
95,JaMychal Green,26,MEM,PF,77,75,2101,.500,11.3,.710,.434,.084,.058,.136,.290,.549,.608,.310,.414,.559,.379,.600,.982,.116,49,.552,.425,0,0,,greenja01
96,James Johnson,29,MIA,PF,76,5,2085,.479,12.4,.667,.354,.159,.083,.073,.333,.548,.632,.451,.469,.429,.340,.306,.931,.049,36,.336,.384,5,0,6MOY-5,johnsja01
97,Bojan Bogdanović,27,2TM,SF,81,54,2083,.445,15.5,.536,.290,.102,.077,.067,.464,.512,.620,.395,.308,.456,.367,.509,.924,.025,18,.227,.427,0,0,,bogdabo02
97,Bojan Bogdanović,27,BRK,SF,55,54,1482,.440,14.6,.547,.319,.092,.074,.062,.453,.509,.610,.411,.289,.395,.357,.488,.929,.028,14,.235,.446,0,0,,bogdabo02
97,Bojan Bogdanović,27,WAS,SF,26,0,601,.457,16.4,.509,.214,.128,.085,.081,.491,.521,.660,.367,.350,.579,.391,.565,.911,.017,4,.209,.375,0,0,,bogdabo02
98,Derrick Rose,28,NYK,PG,64,64,2082,.471,8.8,.939,.411,.201,.149,.177,.061,.487,.557,.413,.432,.457,.217,.217,.692,.009,8,.183,.455,5,0,,rosede01
99,Blake Griffin,27,LAC,PF,61,61,2076,.493,10.7,.884,.348,.192,.061,.283,.116,.514,.669,.409,.322,.436,.336,.499,.974,.078,68,.239,.481,1,0,,griffbl01
100,Kevin Durant,28,GSW,PF,62,62,2070,.537,13.8,.696,.268,.116,.161,.151,.304,.608,.796,.487,.430,.555,.375,.565,.803,.107,107,.125,.436,2,0,MVP-9ASNBA2,duranke01
101,Jonas Valančiūnas,24,TOR,C,80,80,2066,.557,6.3,.997,.446,.295,.145,.113,.003,.557,.626,.570,.431,.405,.500,.615,1.000,.100,67,.000,,1,0,,valanjo01
102,Darren Collison,29,SAC,PG,68,64,2063,.476,14.0,.755,.223,.150,.112,.272,.245,.495,.597,.439,.450,.459,.417,.360,.753,.001,1,.280,.571,1,0,,collida01
103,Patrick Beverley,28,HOU,SG,67,67,2058,.420,15.9,.470,.210,.173,.055,.033,.530,.463,.544,.436,.367,.222,.382,.297,.836,.004,1,.323,.387,1,0,DPOY-8DEF1,beverpa01
104,Austin Rivers,24,LAC,SG,74,29,2054,.442,13.6,.591,.298,.183,.055,.055,.409,.491,.592,.403,.475,.250,.371,.208,.703,.015,6,.197,.390,0,0,,riverau01
105,T.J. Warren,23,PHO,SF,66,59,2048,.495,10.7,.880,.290,.221,.200,.167,.120,.527,.746,.456,.399,.397,.265,.536,.923,.032,23,.520,.255,3,0,,warretj01
106,Jameer Nelson,34,DEN,PG,75,39,2045,.444,17.1,.548,.212,.079,.056,.200,.452,.489,.594,.479,.324,.430,.388,.327,.726,.000,0,.103,.286,1,0,,nelsoja01
107,Nikola Jokić,21,DEN,C,73,59,2038,.578,9.5,.837,.349,.293,.097,.102,.163,.628,.674,.624,.530,.552,.324,.566,.933,.029,23,.072,.100,1,0,,jokicni01
108,Seth Curry,26,DAL,PG,70,42,2029,.481,17.3,.542,.129,.127,.088,.198,.458,.528,.637,.584,.516,.424,.425,.229,.745,.000,0,.217,.486,1,0,,curryse01
109,Cory Joseph,25,TOR,PG,80,22,2003,.452,12.4,.796,.248,.212,.120,.216,.204,.477,.598,.421,.380,.448,.356,.175,.958,.000,0,.311,.357,0,0,,josepco01
110,Andre Iguodala,33,GSW,SF,76,0,1998,.528,14.1,.573,.361,.043,.034,.133,.427,.651,.767,.333,.286,.545,.362,.703,.922,.195,76,.441,.372,2,0,6MOY-2,iguodan01
111,Monta Ellis,31,IND,SG,74,33,1998,.443,13.4,.758,.262,.151,.086,.259,.242,.483,.616,.500,.417,.361,.319,.324,.884,.014,7,.400,.296,2,0,,ellismo01
112,Lou Williams,30,2TM,SG,81,1,1994,.429,15.6,.553,.207,.172,.113,.062,.447,.480,.614,.424,.363,.371,.365,.245,.601,.007,7,.193,.477,2,1,6MOY-3,willilo02
112,Lou Williams,30,LAL,SG,58,1,1403,.444,15.2,.568,.204,.187,.117,.064,.432,.489,.647,.423,.360,.383,.385,.225,.557,.007,5,.167,.509,1,1,,willilo02
112,Lou Williams,30,HOU,SG,23,0,591,.386,15.9,.511,.216,.133,.102,.057,.489,.452,.526,.429,.370,.333,.318,.311,.732,.008,2,.256,.424,1,0,,willilo02
113,Taj Gibson,31,2TM,PF,78,71,1989,.515,6.9,.982,.423,.283,.142,.131,.018,.520,.677,.448,.376,.333,.231,.657,.667,.096,63,.846,.182,1,1,,gibsota01
113,Taj Gibson,31,CHI,PF,55,55,1502,.521,7.0,.977,.419,.287,.140,.130,.023,.529,.680,.454,.405,.348,.167,.664,1.000,.085,43,.917,.182,0,0,,gibsota01
113,Taj Gibson,31,OKC,PF,23,16,487,.497,6.8,.994,.436,.274,.151,.134,.006,.494,.667,.429,.296,.292,1.000,.636,.000,.128,20,.000,,1,1,,gibsota01
114,Matthew Dellavedova,26,MIL,PG,76,54,1986,.390,15.1,.597,.150,.266,.101,.077,.403,.404,.400,.430,.389,.366,.367,.310,.861,.000,0,.144,.355,0,0,,dellama01
115,Malcolm Brogdon,24,MIL,SG,75,28,1982,.457,11.6,.696,.406,.118,.083,.088,.304,.480,.562,.333,.396,.375,.404,.415,.897,.039,24,.244,.489,1,0,ROY-16MOY-11,brogdma01
116,Joe Ingles,29,UTA,SF,82,26,1972,.452,18.1,.381,.182,.073,.040,.086,.619,.471,.671,.333,.222,.282,.441,.370,.821,.009,4,.355,.424,1,0,,inglejo01
117,Rodney McGruder,25,MIA,SG,78,65,1966,.413,15.2,.522,.215,.185,.059,.061,.478,.488,.707,.341,.296,.321,.332,.470,.986,.028,12,.541,.345,2,0,ROY-8,mcgruro01
118,Kent Bazemore,27,ATL,SF,73,64,1963,.409,14.8,.631,.272,.100,.062,.198,.369,.446,.566,.222,.311,.434,.346,.522,.848,.021,13,.327,.414,1,0,,bazemke01
119,Ish Smith,28,DET,PG,81,32,1955,.439,11.8,.860,.294,.171,.142,.252,.140,.467,.573,.328,.491,.429,.267,.116,.750,.005,4,.229,.417,2,0,,smithis01
120,Terrence Ross,25,2TM,SF,78,24,1955,.437,18.9,.476,.105,.088,.113,.168,.524,.518,.654,.515,.464,.480,.363,.511,.859,.044,29,.215,.345,3,0,,rosste01
120,Terrence Ross,25,TOR,SF,54,0,1207,.441,18.9,.466,.115,.081,.106,.159,.534,.516,.673,.538,.431,.461,.375,.435,.823,.052,22,.242,.387,2,0,,rosste01
120,Terrence Ross,25,ORL,SF,24,24,748,.431,19.0,.494,.086,.101,.124,.184,.506,.523,.609,.481,.515,.510,.341,.638,.935,.030,7,.163,.227,1,0,,rosste01
121,Frank Kaminsky,23,CHO,C,75,16,1954,.399,15.1,.559,.214,.213,.074,.056,.441,.455,.587,.427,.305,.267,.328,.627,1.000,.015,12,.110,.359,4,0,,kaminfr01
122,Jon Leuer,27,DET,PF,75,34,1944,.480,12.9,.741,.263,.150,.181,.149,.259,.545,.788,.423,.453,.354,.293,.739,1.000,.051,30,.228,.289,0,0,,leuerjo01
123,Iman Shumpert,26,CLE,SG,76,31,1937,.411,18.3,.466,.151,.049,.065,.198,.534,.469,.622,.125,.375,.474,.360,.346,.883,.031,11,.429,.384,0,0,,shumpim01
124,Chris Paul,31,LAC,PG,61,61,1921,.476,18.1,.615,.074,.070,.210,.261,.385,.518,.603,.564,.497,.498,.411,.124,.395,.000,0,.103,.484,1,0,DEF1,paulch01
125,Tony Allen,35,MEM,SG,71,66,1914,.461,5.6,.909,.652,.166,.030,.061,.091,.479,.557,.273,.333,.278,.278,.552,1.000,.027,16,.704,.316,0,0,DEF2,allento01
126,Buddy Hield,24,2TM,SG,82,55,1888,.426,16.9,.506,.197,.091,.100,.117,.494,.461,.550,.414,.442,.367,.391,.436,.791,.012,9,.169,.469,1,0,ROY-4,hieldbu01
126,Buddy Hield,24,NOP,SG,57,37,1161,.393,16.8,.488,.246,.068,.062,.113,.512,.417,.517,.219,.276,.396,.369,.490,.820,.011,5,.141,.441,1,0,,hieldbu01
126,Buddy Hield,24,SAC,SG,25,18,727,.480,17.0,.534,.118,.128,.162,.125,.466,.525,.657,.579,.542,.324,.428,.373,.746,.014,4,.217,.500,0,0,,hieldbu01
127,Kevin Love,28,CLE,PF,60,60,1885,.427,15.3,.551,.212,.156,.099,.084,.449,.471,.560,.415,.430,.397,.373,.551,.986,.014,12,.355,.413,0,0,AS,loveke01
128,DeMarre Carroll,30,TOR,SF,72,72,1882,.400,17.5,.418,.169,.133,.044,.073,.582,.483,.634,.370,.375,.400,.341,.586,.954,.011,6,.322,.388,1,0,,carrode01
129,Joe Johnson,35,UTA,SF,78,14,1843,.436,16.5,.588,.077,.224,.126,.157,.412,.454,.708,.457,.405,.378,.411,.150,.858,.000,0,.326,.440,1,1,,johnsjo02
130,Rajon Rondo,30,CHI,PG,69,42,1843,.408,11.9,.763,.351,.152,.061,.200,.237,.418,.497,.459,.147,.330,.376,.251,.940,.002,1,.481,.438,0,0,,rondora01
131,Avery Bradley,26,BOS,SG,55,55,1835,.463,15.1,.643,.270,.076,.066,.231,.357,.504,.622,.356,.529,.408,.390,.614,.815,.031,23,.296,.390,1,0,,bradlav01
132,Greg Monroe,26,MIL,C,81,0,1823,.533,4.5,.994,.569,.303,.055,.066,.006,.536,.620,.414,.475,.438,.000,.581,,.029,19,.000,,2,0,6MOY-6,monrogr01
133,E'Twaun Moore,27,NOP,SG,73,22,1820,.457,14.4,.664,.192,.199,.139,.137,.336,.501,.681,.488,.360,.400,.370,.422,.883,.010,6,.351,.397,0,0,,mooreet01
134,D'Angelo Russell,20,LAL,PG,63,60,1811,.405,16.9,.557,.146,.131,.125,.153,.443,.447,.559,.465,.352,.406,.352,.259,.637,.005,4,.133,.451,3,0,,russeda01
135,Danny Green,29,SAS,SG,68,68,1807,.392,19.9,.307,.111,.071,.053,.071,.693,.420,.540,.406,.208,.406,.379,.586,.924,.009,3,.315,.429,2,0,DEF2,greenda02
136,Brandon Jennings,27,2TM,PG,81,13,1802,.359,16.9,.529,.215,.099,.099,.116,.471,.399,.496,.245,.434,.323,.313,.177,.506,.000,0,.179,.378,2,0,,jennibr01
136,Brandon Jennings,27,NYK,PG,58,11,1428,.380,16.1,.534,.228,.096,.096,.114,.466,.415,.510,.268,.415,.347,.340,.200,.485,.000,0,.180,.444,2,0,,jennibr01
136,Brandon Jennings,27,WAS,PG,23,2,374,.274,17.6,.509,.160,.113,.113,.123,.491,.333,.412,.167,.500,.231,.212,.056,.636,.000,0,.173,.111,0,0,,jennibr01
137,Vince Carter,40,MEM,SF,73,15,1799,.394,18.4,.396,.182,.092,.047,.076,.604,.418,.483,.444,.174,.378,.378,.432,.875,.022,10,.193,.351,2,0,6MOY-11,cartevi01
138,Bismack Biyombo,24,ORL,C,81,27,1793,.528,4.0,1.000,.581,.319,.077,.029,.000,.528,.680,.324,.346,.100,,.816,,.230,69,,,0,0,,biyombi01
139,Dwyane Wade,35,CHI,SG,60,59,1792,.434,12.3,.848,.250,.160,.206,.232,.152,.456,.569,.425,.431,.374,.310,.328,.644,.036,29,.145,.476,0,0,,wadedw01
140,Luc Mbah a Moute,30,LAC,SF,80,76,1787,.505,11.9,.709,.450,.048,.016,.196,.291,.552,.624,.167,.333,.500,.391,.811,.977,.074,25,.745,.415,0,0,,mbahalu01
141,Zach Randolph,35,MEM,PF,73,5,1786,.449,10.3,.902,.293,.283,.111,.214,.098,.474,.610,.447,.421,.354,.223,.478,1.000,.005,5,.138,.308,5,0,6MOY-4,randoza01
142,Gary Harris,22,DEN,SG,57,56,1782,.502,13.2,.600,.383,.096,.042,.077,.400,.558,.656,.361,.444,.388,.420,.662,.972,.066,38,.239,.557,3,0,,harriga01
143,Marco Belinelli,30,CHO,SG,74,0,1778,.429,18.7,.540,.132,.052,.052,.306,.460,.488,.667,.344,.469,.436,.360,.679,.853,.003,1,.145,.463,1,0,,belinma01
144,Matt Barnes,36,2TM,SF,74,18,1777,.391,16.8,.444,.220,.114,.032,.080,.556,.467,.577,.389,.133,.395,.331,.735,.897,.019,7,.255,.388,2,0,,barnema02
144,Matt Barnes,36,SAC,SF,54,13,1367,.384,16.8,.449,.209,.133,.031,.078,.551,.453,.563,.412,.083,.367,.327,.705,.884,.021,7,.223,.362,2,0,,barnema02
144,Matt Barnes,36,GSW,SF,20,5,410,.422,16.9,.422,.267,.033,.033,.089,.578,.526,.625,.000,.333,.500,.346,.850,.944,.011,0,.385,.450,0,0,,barnema02
145,C.J. Miles,29,IND,SF,76,29,1776,.434,19.6,.368,.127,.070,.043,.128,.632,.471,.634,.400,.464,.349,.413,.571,.953,.017,8,.308,.508,1,0,,milescj01
146,Al-Farouq Aminu,26,POR,PF,61,25,1773,.393,14.0,.545,.320,.135,.030,.060,.455,.445,.530,.302,.357,.357,.330,.460,1.000,.058,24,.358,.355,3,0,,aminual01
147,Jamal Murray,19,DEN,SG,82,10,1764,.404,16.5,.529,.226,.096,.090,.116,.471,.466,.612,.357,.379,.341,.334,.483,.713,.026,17,.218,.413,8,0,ROY-5,murraja01
148,Rondae Hollis-Jefferson,22,BRK,SF,78,50,1761,.434,8.0,.876,.483,.181,.138,.072,.124,.463,.584,.296,.347,.308,.224,.518,.933,.076,37,.358,.208,1,0,,holliro01
149,Patty Mills,28,SAS,PG,80,8,1754,.440,19.2,.428,.148,.027,.027,.230,.572,.474,.641,.294,.412,.385,.414,.540,.823,.000,0,.276,.459,0,0,6MOY-8,millspa02
150,Trevor Booker,29,BRK,PF,71,43,1754,.516,7.8,.868,.450,.281,.058,.080,.132,.546,.658,.476,.324,.319,.321,.450,.840,.066,35,.295,.261,0,0,,booketr01
151,Sean Kilpatrick,27,BRK,SG,70,24,1754,.415,14.8,.581,.273,.143,.067,.097,.419,.468,.582,.362,.286,.423,.341,.430,.752,.007,5,.211,.338,7,0,,kilpase01
152,Kyle Korver,35,2TM,SG,67,22,1753,.464,22.0,.303,.041,.019,.047,.196,.697,.494,.667,.500,.292,.505,.451,.909,.975,.002,1,.267,.510,0,0,,korveky01
152,Kyle Korver,35,ATL,SG,32,21,894,.439,21.3,.354,.057,.024,.033,.240,.646,.494,.643,.333,.375,.492,.409,.884,.985,.000,0,.170,.519,0,0,,korveky01
152,Kyle Korver,35,CLE,SG,35,1,859,.487,22.6,.257,.026,.015,.059,.156,.743,.493,.714,.750,.250,.524,.485,.941,.969,.004,1,.345,.507,0,0,,korveky01
153,Zach LaVine,21,MIN,SG,47,47,1749,.459,15.7,.563,.272,.061,.049,.182,.437,.515,.637,.419,.343,.411,.387,.466,.808,.051,36,.235,.438,0,0,,lavinza01
154,Marquese Chriss,19,PHO,PF,82,75,1743,.449,11.8,.646,.411,.111,.046,.076,.354,.520,.615,.386,.310,.333,.321,.656,.986,.204,103,.438,.347,1,0,ROY-7,chrisma01
155,Ty Lawson,29,SAC,PG,69,24,1732,.454,13.2,.774,.268,.149,.144,.211,.226,.502,.629,.410,.520,.400,.288,.192,.735,.000,0,.195,.391,3,0,,lawsoty01
156,Garrett Temple,30,SAC,SG,65,20,1728,.424,17.2,.491,.190,.069,.076,.153,.509,.476,.646,.467,.455,.288,.373,.515,.915,.009,2,.377,.301,0,0,,templga01
157,Jabari Parker,21,MIL,PF,51,50,1728,.490,10.6,.781,.416,.146,.069,.150,.219,.525,.673,.361,.286,.385,.365,.599,.985,.120,92,.309,.436,3,0,,parkeja01
158,Cody Zeller,24,CHO,C,62,58,1725,.571,4.5,.998,.655,.194,.029,.120,.002,.572,.655,.477,.615,.264,.000,.798,,.205,83,.000,,0,0,,zelleco01
159,Will Barton,26,DEN,SG,60,19,1705,.443,13.0,.647,.303,.174,.095,.077,.353,.483,.579,.379,.460,.353,.370,.346,.724,.029,17,.136,.281,1,0,,bartowi01
160,Raymond Felton,32,LAC,PG,80,11,1700,.430,14.0,.720,.286,.140,.066,.228,.280,.473,.612,.403,.324,.385,.319,.246,.739,.000,0,.188,.593,6,0,,feltora01
161,Nikola Mirotić,25,CHI,PF,70,15,1679,.413,17.9,.397,.206,.070,.059,.059,.603,.520,.643,.409,.459,.297,.342,.690,.969,.026,16,.231,.460,1,0,,mirotni01
162,Gerald Henderson,29,PHI,SG,72,41,1667,.423,14.6,.687,.203,.119,.190,.172,.313,.455,.634,.364,.410,.368,.353,.538,.902,.033,17,.283,.367,2,0,,hendege02
163,Evan Turner,28,POR,SF,65,12,1658,.426,12.9,.786,.197,.176,.263,.149,.214,.470,.550,.536,.421,.378,.263,.176,.903,.011,6,.449,.321,0,0,,turneev01
164,Deron Williams,32,2TM,PG,64,44,1657,.438,16.3,.610,.135,.145,.112,.218,.390,.486,.543,.494,.433,.473,.363,.202,.706,.000,0,.145,.382,1,0,,willide01
164,Deron Williams,32,DAL,PG,40,40,1171,.430,16.8,.600,.130,.137,.113,.221,.400,.485,.542,.484,.451,.470,.348,.205,.714,.000,0,.149,.444,1,0,,willide01
164,Deron Williams,32,CLE,PG,24,4,486,.463,15.7,.639,.150,.170,.109,.211,.361,.489,.545,.520,.375,.484,.415,.196,.682,.000,0,.132,.143,0,0,,willide01
165,Dante Cunningham,29,NOP,PF,66,35,1649,.485,15.4,.496,.284,.084,.028,.100,.504,.579,.676,.467,.300,.472,.392,.777,1.000,.092,32,.691,.400,0,0,,cunnida01
166,Isaiah Whitehead,21,BRK,PG,73,26,1643,.402,11.6,.707,.386,.169,.057,.094,.293,.446,.520,.384,.345,.313,.295,.306,.864,.016,6,.154,.522,3,0,,whiteis01
167,Dorian Finney-Smith,23,DAL,PF,81,35,1642,.372,16.6,.426,.261,.075,.024,.069,.574,.479,.609,.280,.125,.304,.293,.647,.964,.093,26,.419,.263,3,0,,finnedo01
168,Justin Holiday,27,NYK,SG,82,4,1639,.433,17.6,.493,.197,.048,.071,.177,.507,.513,.642,.423,.474,.411,.355,.743,.979,.048,24,.348,.474,3,0,,holidju01
169,Domantas Sabonis,20,OKC,PF,81,66,1632,.399,12.7,.669,.283,.206,.067,.114,.331,.438,.551,.333,.219,.473,.321,.624,1.000,.035,15,.289,.283,0,0,,sabondo01
170,Pau Gasol,36,SAS,C,64,39,1627,.502,12.0,.828,.232,.260,.109,.227,.172,.494,.614,.452,.364,.482,.538,.668,1.000,.026,16,.298,.677,0,0,,gasolpa01
171,Richard Jefferson,36,CLE,SF,79,13,1614,.446,15.6,.458,.292,.087,.023,.055,.542,.580,.770,.200,.500,.211,.333,.747,.984,.122,39,.473,.375,1,0,,jefferi01
172,Josh Richardson,23,MIA,SG,53,34,1614,.394,16.9,.558,.172,.096,.101,.189,.442,.444,.545,.408,.519,.330,.330,.354,.933,.025,11,.260,.475,1,0,,richajo01
173,Amir Johnson,29,BOS,PF,80,77,1608,.576,7.0,.822,.524,.268,.014,.014,.178,.612,.716,.434,.400,.400,.409,.758,1.000,.124,41,.288,.316,0,0,,johnsam01
174,Kelly Oubre Jr.,21,WAS,SF,79,5,1605,.421,14.0,.575,.330,.095,.068,.084,.425,.520,.623,.333,.400,.405,.287,.545,.981,.106,41,.431,.185,1,0,,oubreke01
175,Patrick Patterson,27,TOR,PF,65,8,1599,.401,18.6,.341,.128,.112,.070,.031,.659,.458,.551,.419,.444,.250,.372,.517,.979,.023,7,.383,.412,1,1,,pattepa01
176,Thabo Sefolosha,32,ATL,SF,62,42,1596,.441,12.5,.696,.365,.089,.084,.157,.304,.484,.625,.343,.273,.355,.342,.647,.951,.053,18,.475,.351,0,0,,sefolth01
177,Rodney Hood,24,UTA,SG,59,55,1593,.408,16.8,.539,.123,.161,.140,.116,.461,.440,.573,.383,.409,.416,.371,.291,.746,.020,11,.248,.447,2,0,,hoodro01
178,Tony Parker,34,SAS,PG,63,63,1587,.466,11.1,.879,.285,.223,.112,.258,.121,.484,.580,.409,.391,.483,.333,.248,1.000,.000,0,.739,.333,0,0,,parketo01
179,Arron Afflalo,31,SAC,SG,61,45,1580,.440,16.8,.640,.100,.117,.186,.236,.360,.457,.571,.449,.449,.424,.411,.504,.968,.002,1,.384,.517,1,0,,afflaar01
180,Alex Len,23,PHO,C,77,34,1560,.497,6.3,.974,.510,.238,.097,.127,.026,.503,.669,.345,.267,.322,.250,.630,1.000,.179,72,.500,.333,2,0,,lenal01
181,Nick Young,31,LAL,SG,60,60,1556,.430,20.7,.335,.082,.030,.073,.150,.665,.481,.673,.316,.413,.442,.404,.529,.906,.013,8,.247,.385,0,0,,youngni01
182,Clint Capela,22,HOU,C,65,59,1551,.643,2.0,1.000,.787,.202,.005,.004,.000,.643,.725,.342,.333,.500,,.826,,.318,163,,,0,0,,capelca01
183,George Hill,30,UTA,PG,49,49,1544,.477,15.2,.616,.203,.134,.144,.132,.384,.523,.675,.469,.483,.400,.403,.256,.670,.008,4,.249,.448,2,0,,hillge01
184,D.J. Augustin,29,ORL,PG,78,20,1538,.377,18.1,.470,.164,.097,.060,.149,.530,.412,.482,.360,.355,.390,.347,.200,.737,.000,0,.186,.373,4,0,,augusdj01
185,Kelly Olynyk,25,BOS,C,75,6,1538,.512,13.1,.622,.368,.110,.065,.083,.378,.608,.754,.429,.364,.357,.354,.719,.956,.045,22,.161,.581,0,0,,olynyke01
186,Jeff Green,30,ORL,PF,69,11,1534,.394,14.8,.654,.233,.174,.111,.136,.346,.458,.562,.433,.419,.342,.275,.437,.943,.020,10,.176,.324,7,0,,greenje02
187,Enes Freedom,24,OKC,C,72,0,1533,.545,5.9,.948,.571,.212,.081,.084,.052,.568,.637,.526,.333,.435,.132,.496,1.000,.042,27,.474,.056,1,0,6MOY-8,kanteen01
188,Jerami Grant,22,2TM,PF,80,4,1531,.463,11.8,.646,.375,.131,.049,.091,.354,.514,.642,.395,.250,.300,.371,.651,.977,.149,47,.552,.438,0,0,,grantje01
188,Jerami Grant,22,PHI,PF,2,0,41,.353,11.5,.882,.294,.176,.059,.353,.118,.400,.600,.333,.000,.333,.000,1.000,,.059,1,.500,.000,0,0,,grantje01
188,Jerami Grant,22,OKC,PF,78,4,1490,.469,12.1,.633,.379,.129,.048,.077,.367,.523,.644,.400,.267,.292,.377,.631,.977,.154,46,.553,.444,0,0,,grantje01
189,Tim Frazier,26,NOP,PG,65,35,1525,.403,13.4,.683,.304,.149,.074,.156,.317,.446,.577,.317,.267,.397,.313,.268,.625,.002,1,.086,.182,0,0,,fraziti01
190,Sergio Rodríguez,30,PHI,PG,68,30,1518,.392,17.6,.530,.140,.110,.106,.174,.470,.415,.587,.390,.368,.323,.365,.195,.565,.000,0,.087,.545,0,0,,rodrise01
191,Shabazz Muhammad,24,MIN,SF,78,1,1516,.482,10.3,.758,.353,.244,.119,.040,.242,.528,.697,.425,.324,.292,.338,.674,.980,.099,53,.393,.404,0,0,,muhamsh01
192,Doug McDermott,25,2TM,SF,66,5,1508,.447,16.1,.581,.185,.135,.115,.149,.419,.502,.620,.433,.439,.459,.370,.766,.987,.022,8,.332,.391,0,0,,mcderdo01
192,Doug McDermott,25,CHI,SF,44,4,1078,.445,15.7,.598,.201,.123,.110,.166,.402,.493,.587,.457,.415,.452,.373,.800,1.000,.024,7,.347,.404,0,0,,mcderdo01
192,Doug McDermott,25,OKC,SF,22,1,430,.452,16.4,.532,.137,.169,.129,.097,.468,.530,.765,.381,.500,.500,.362,.657,.952,.016,1,.293,.353,0,0,,mcderdo01
193,James Ennis III,26,MEM,SF,64,28,1501,.455,13.1,.573,.421,.075,.012,.065,.427,.516,.600,.250,.500,.286,.372,.621,.941,.059,17,.409,.393,1,0,,ennisja01
194,Wayne Ellington,29,MIA,SG,62,13,1500,.416,22.1,.290,.047,.016,.023,.204,.710,.509,.846,.444,.154,.478,.378,.756,.926,.007,4,.282,.414,1,0,,ellinwa01
195,Langston Galloway,25,2TM,PG,74,2,1495,.380,19.6,.435,.090,.061,.057,.229,.565,.367,.510,.121,.355,.376,.390,.460,.917,.000,0,.149,.370,2,0,,gallola01
195,Langston Galloway,25,NOP,PG,55,0,1120,.374,20.8,.392,.095,.050,.050,.200,.608,.370,.500,.182,.364,.352,.377,.453,.901,.000,0,.149,.400,2,0,,gallola01
195,Langston Galloway,25,SAC,PG,19,2,375,.404,18.4,.615,.067,.106,.087,.356,.385,.359,.571,.000,.333,.432,.475,.478,1.000,.000,0,.150,.167,0,0,,gallola01
196,Luol Deng,31,LAL,SF,56,49,1486,.387,14.9,.611,.283,.094,.083,.156,.389,.436,.617,.350,.286,.227,.309,.549,.922,.031,10,.339,.393,3,0,,denglu01
197,David Lee,33,SAS,PF,79,10,1477,.590,4.7,1.000,.600,.245,.081,.074,.000,.590,.706,.417,.471,.355,,.698,,.107,44,,,0,0,,leeda02
198,Anthony Tolliver,31,SAC,PF,65,9,1477,.442,18.5,.345,.151,.103,.040,.054,.655,.537,.660,.528,.214,.421,.391,.646,1.000,.031,10,.278,.406,0,0,,tollian01
199,Andrew Harrison,22,MEM,PG,72,18,1474,.325,15.7,.567,.272,.100,.075,.122,.433,.363,.459,.333,.148,.295,.276,.149,.628,.006,1,.135,.429,5,0,,harrian01
200,Larry Nance Jr.,24,LAL,PF,63,7,1442,.526,9.3,.900,.416,.186,.114,.191,.100,.554,.700,.478,.317,.435,.278,.756,1.000,.169,60,.306,.182,2,0,,nancela02
201,Glenn Robinson III,23,IND,SF,69,27,1427,.467,15.4,.630,.228,.101,.080,.222,.370,.512,.623,.441,.481,.427,.392,.633,1.000,.071,21,.600,.440,0,0,,robingl02
202,Dirk Nowitzki,38,DAL,PF,54,54,1424,.437,18.0,.692,.062,.053,.217,.360,.308,.463,.571,.444,.476,.439,.378,.770,1.000,.003,2,.057,.417,0,0,,nowitdi01
203,Reggie Jackson,26,DET,PG,52,50,1424,.419,13.4,.728,.232,.207,.129,.161,.272,.442,.510,.371,.437,.440,.359,.073,.455,.012,6,.130,.292,3,0,,jacksre01
204,Willie Cauley-Stein,23,SAC,C,75,21,1421,.530,5.9,.996,.449,.326,.123,.098,.004,.532,.722,.382,.373,.362,.000,.725,,.187,80,.000,,0,0,,caulewi01
205,Sam Dekker,22,HOU,PF,77,2,1419,.473,12.6,.564,.436,.098,.012,.023,.436,.591,.647,.357,.400,.500,.321,.727,.967,.121,44,.353,.394,3,0,,dekkesa01
206,Kosta Koufos,27,SAC,C,71,62,1419,.551,4.8,.997,.411,.495,.089,.003,.003,.552,.696,.469,.371,.000,.000,.727,,.097,36,.000,,1,0,,koufoko01
207,Emmanuel Mudiay,20,DEN,PG,55,41,1406,.377,12.6,.677,.363,.113,.111,.094,.323,.408,.505,.290,.262,.327,.315,.368,.911,.025,12,.208,.297,1,0,,mudiaem01
208,Channing Frye,33,CLE,C,74,15,1398,.458,19.3,.356,.129,.077,.058,.094,.644,.546,.642,.400,.533,.531,.409,.832,1.000,.050,20,.224,.413,0,0,,fryech01
209,Jonathon Simmons,27,SAS,SG,78,8,1392,.420,12.0,.758,.349,.140,.081,.188,.242,.461,.592,.356,.412,.316,.294,.510,1.000,.093,31,.363,.297,4,0,,simmojo02
210,Jusuf Nurkić,22,2TM,C,65,48,1391,.507,4.3,.998,.612,.285,.015,.084,.002,.508,.578,.428,.250,.333,.000,.605,,.092,46,.000,,0,0,,nurkiju01
210,Jusuf Nurkić,22,DEN,C,45,29,807,.507,3.7,1.000,.638,.285,.017,.057,.000,.507,.579,.412,.400,.235,,.629,,.111,30,,,0,0,,nurkiju01
210,Jusuf Nurkić,22,POR,C,20,19,584,.508,4.9,.996,.581,.284,.013,.119,.004,.511,.577,.448,.000,.393,.000,.575,,.068,16,.000,,0,0,,nurkiju01
211,Dion Waiters,25,MIA,SG,46,43,1384,.424,13.8,.676,.345,.077,.051,.201,.324,.438,.507,.294,.235,.429,.395,.194,.800,.005,3,.260,.518,2,0,,waitedi01
212,Stanley Johnson,20,DET,SF,77,1,1371,.353,17.0,.578,.123,.151,.129,.175,.422,.398,.644,.255,.511,.266,.292,.345,.933,.008,3,.253,.359,2,0,,johnsst04
213,Norman Powell,23,TOR,SG,76,18,1368,.449,11.8,.658,.411,.128,.030,.091,.342,.514,.606,.354,.200,.413,.324,.263,.946,.067,31,.445,.338,0,0,,powelno01
214,Jason Terry,39,MIL,SG,74,0,1365,.432,19.8,.296,.115,.074,.049,.058,.704,.444,.500,.500,.333,.357,.427,.594,.932,.000,0,.520,.393,0,0,,terryja01
215,Jared Dudley,31,PHO,PF,64,7,1362,.454,19.3,.413,.147,.032,.061,.173,.587,.559,.706,.364,.524,.483,.379,.613,1.000,.000,0,.197,.225,0,0,,dudleja01
216,Shaun Livingston,31,GSW,PG,76,3,1345,.547,10.4,.991,.222,.130,.532,.104,.009,.550,.786,.683,.458,.364,.333,.512,1.000,.098,30,.000,,1,0,,livinsh01
217,Jaylen Brown,20,BOS,SF,78,20,1341,.454,11.7,.681,.404,.130,.076,.073,.319,.507,.614,.382,.344,.290,.341,.623,.957,.078,30,.356,.438,2,0,ROY-8,brownja02
218,Spencer Dinwiddie,23,BRK,PG,59,18,1334,.444,13.6,.666,.295,.156,.132,.089,.334,.478,.584,.362,.325,.556,.376,.229,.579,.023,7,.188,.474,1,0,,dinwisp01
219,Kris Dunn,22,MIN,PG,78,7,1333,.377,13.8,.767,.240,.150,.083,.294,.233,.404,.507,.426,.269,.348,.288,.289,.667,.029,7,.247,.278,0,0,,dunnkr01
220,Dwight Powell,25,DAL,C,77,3,1333,.515,10.4,.804,.446,.103,.053,.199,.196,.571,.762,.385,.400,.293,.284,.838,1.000,.146,54,.216,.125,1,0,,poweldw01
221,Dewayne Dedmon,27,SAS,C,76,37,1330,.622,3.2,1.000,.722,.178,.058,.042,.000,.622,.706,.391,.400,.455,,.702,,.297,65,,,0,0,,dedmode01
222,Willy Hernangómez,22,NYK,C,72,22,1324,.529,5.0,.968,.606,.219,.077,.060,.032,.538,.621,.431,.417,.286,.267,.607,1.000,.097,39,.400,.167,0,0,ROY-5,hernawi01
223,Tyson Chandler,34,PHO,C,47,46,1298,.671,1.4,1.000,.895,.096,.004,.004,.000,.671,.711,.364,.000,.000,,.621,,.368,74,,,0,0,,chandty01
224,Kenneth Faried,27,DEN,PF,61,34,1296,.548,3.9,.986,.639,.281,.038,.026,.014,.556,.654,.393,.438,.091,.000,.627,,.142,57,.000,,2,0,,farieke01
225,Manu Ginóbili,39,SAS,SG,69,0,1291,.390,16.5,.483,.214,.123,.091,.057,.517,.387,.521,.296,.350,.120,.392,.451,.787,.005,2,.159,.306,4,0,,ginobma01
226,Marreese Speights,29,LAC,C,82,2,1286,.445,16.1,.495,.245,.126,.055,.068,.505,.520,.634,.420,.333,.459,.372,.667,.981,.036,15,.112,.452,3,0,,speigma01
227,Randy Foye,33,BRK,SG,69,40,1284,.363,18.6,.375,.182,.105,.012,.077,.625,.418,.542,.324,.250,.280,.330,.255,.761,.003,1,.163,.424,5,0,,foyera01
228,Boris Diaw,34,UTA,PF,73,33,1283,.446,11.6,.752,.373,.156,.076,.147,.248,.512,.664,.431,.440,.250,.247,.373,.950,.003,1,.259,.429,0,0,,diawbo01
229,Corey Brewer,30,2TM,SF,82,11,1281,.422,10.7,.661,.408,.193,.040,.020,.339,.522,.613,.328,.571,.429,.229,.600,.963,.080,26,.619,.260,4,0,,breweco01
229,Corey Brewer,30,HOU,SF,58,8,923,.414,12.6,.586,.383,.167,.022,.013,.414,.541,.598,.395,.400,1.000,.234,.694,1.000,.070,14,.638,.267,3,0,,breweco01
229,Corey Brewer,30,LAL,SF,24,3,358,.438,8.9,.802,.455,.240,.074,.033,.198,.495,.636,.241,.667,.000,.208,.458,.800,.099,12,.542,.231,1,0,,breweco01
230,Terrence Jones,25,2TM,PF,54,12,1270,.470,8.5,.848,.396,.307,.055,.085,.152,.508,.677,.364,.370,.357,.253,.642,1.000,.085,41,.093,.000,0,0,,joneste01
230,Terrence Jones,25,NOP,PF,51,12,1264,.472,8.6,.847,.399,.305,.055,.084,.153,.512,.677,.369,.370,.366,.253,.642,1.000,.086,41,.093,.000,0,0,,joneste01
230,Terrence Jones,25,MIL,PF,3,0,6,.000,8.4,1.000,.000,.667,.000,.333,.000,.000,,.000,,.000,,,,.000,0,,,0,0,,joneste01
231,Zaza Pachulia,32,GSW,C,70,70,1268,.534,4.8,.993,.664,.150,.085,.094,.007,.538,.618,.391,.308,.414,.000,.805,,.033,10,.000,,1,0,,pachuza01
232,Noah Vonleh,21,POR,PF,74,41,1265,.481,7.1,.926,.515,.211,.033,.167,.074,.492,.561,.386,.222,.467,.350,.585,.857,.181,43,.250,.000,0,0,,vonleno01
233,Terry Rozier,22,BOS,PG,74,0,1263,.367,15.6,.564,.275,.090,.092,.107,.436,.405,.469,.243,.368,.409,.318,.330,.807,.007,3,.212,.289,2,0,,roziete01
234,Malcolm Delaney,27,ATL,PG,73,2,1248,.374,17.6,.716,.121,.067,.070,.459,.284,.428,.426,.269,.296,.472,.236,.235,.885,.005,2,.309,.147,2,0,,delanma01
235,Mike Muscala,25,ATL,C,70,3,1237,.504,14.0,.674,.291,.077,.131,.175,.326,.546,.684,.423,.477,.424,.418,.847,1.000,.045,13,.309,.441,1,0,,muscami01
236,Caris LeVert,22,BRK,SF,57,26,1237,.450,15.2,.516,.284,.097,.071,.066,.484,.571,.676,.351,.556,.440,.321,.348,.746,.050,19,.223,.390,1,0,,leverca01
237,Jonas Jerebko,29,BOS,PF,78,6,1232,.435,15.4,.504,.248,.164,.031,.061,.496,.523,.646,.349,.250,.625,.346,.580,1.000,.023,3,.408,.358,2,0,,jerebjo01
238,Kyle O'Quinn,26,NYK,C,79,8,1229,.521,9.0,.959,.470,.119,.114,.257,.041,.538,.660,.469,.404,.406,.118,.662,1.000,.092,36,.118,.500,2,0,,oquinky01
239,Dante Exum,21,UTA,PG,66,26,1228,.427,12.4,.590,.435,.094,.033,.030,.410,.519,.551,.471,.417,.273,.295,.315,.977,.069,20,.503,.253,2,0,,exumda01
240,Justin Anderson,23,2TM,SF,75,10,1228,.424,14.1,.558,.319,.128,.057,.050,.442,.522,.707,.339,.280,.136,.299,.539,.948,.096,37,.227,.341,2,0,,anderju01
240,Justin Anderson,23,DAL,SF,51,2,710,.401,14.1,.560,.296,.152,.058,.051,.440,.477,.671,.333,.250,.071,.303,.459,.973,.072,17,.270,.364,1,0,,anderju01
240,Justin Anderson,23,PHI,SF,24,8,518,.463,14.1,.556,.358,.086,.056,.049,.444,.600,.759,.357,.333,.250,.292,.648,.905,.136,20,.153,.273,1,0,,anderju01
241,Meyers Leonard,24,POR,PF,74,12,1222,.386,18.9,.437,.090,.103,.085,.159,.563,.436,.706,.385,.313,.383,.347,.764,.986,.040,12,.117,.480,1,0,,leoname01
242,Shelvin Mack,26,UTA,PG,55,9,1205,.446,13.3,.685,.239,.184,.165,.100,.315,.510,.637,.443,.444,.421,.308,.316,.649,.000,0,.242,.241,0,0,,macksh01
243,Nenê,34,HOU,C,67,8,1198,.617,5.5,.977,.637,.126,.083,.131,.023,.624,.723,.500,.364,.423,.333,.839,1.000,.242,86,.000,,0,0,,hilarne01
244,Yogi Ferrell,23,2TM,PG,46,29,1197,.406,17.5,.553,.190,.094,.089,.178,.447,.422,.533,.378,.400,.343,.386,.207,.559,.000,0,.131,.348,1,0,ROY-8,ferreyo01
244,Yogi Ferrell,23,BRK,PG,10,0,151,.367,18.6,.449,.163,.041,.061,.184,.551,.455,.625,.500,.333,.333,.296,.200,.500,.000,0,.111,.333,0,0,,ferreyo01
244,Yogi Ferrell,23,DAL,PG,36,29,1046,.412,16.4,.568,.194,.101,.093,.177,.432,.418,.522,.371,.406,.344,.403,.207,.567,.000,0,.134,.350,1,0,,ferreyo01
245,Richaun Holmes,23,PHI,C,57,17,1193,.558,8.6,.813,.483,.184,.070,.075,.187,.606,.734,.421,.379,.452,.351,.798,1.000,.245,92,.195,.467,1,0,,holmeri01
246,Timothé Luwawu-Cabarrot,21,PHI,SF,69,19,1190,.402,13.0,.554,.393,.108,.028,.022,.446,.475,.606,.179,.100,.125,.311,.653,.980,.019,4,.317,.392,0,0,,luwawti01
247,Nemanja Bjelica,28,MIN,PF,65,1,1190,.424,14.8,.503,.264,.177,.034,.028,.497,.531,.638,.444,.250,.400,.316,.526,.964,.020,7,.209,.378,0,0,,bjeline01
248,J.R. Smith,31,CLE,SG,41,35,1187,.346,22.1,.239,.067,.034,.039,.101,.761,.329,.625,.000,.357,.222,.351,.321,.958,.025,8,.284,.455,1,0,,smithjr01
249,Derrick Favors,25,UTA,PF,50,39,1186,.487,8.4,.976,.391,.201,.177,.206,.024,.491,.607,.476,.432,.337,.300,.795,1.000,.144,52,.300,.333,0,0,,favorde01
250,Troy Daniels,25,MEM,SG,67,3,1183,.374,22.7,.283,.044,.026,.048,.166,.717,.336,.318,.385,.250,.354,.389,.681,.833,.000,0,.135,.542,2,0,,danietr01
251,Justin Hamilton,26,BRK,C,64,7,1177,.459,14.5,.525,.264,.164,.063,.032,.475,.598,.740,.484,.417,.417,.306,.739,.982,.040,14,.389,.300,0,0,,hamilju01
252,Ben McLemore,23,SAC,SG,61,27,1176,.430,15.9,.594,.210,.115,.060,.212,.406,.462,.648,.313,.240,.416,.382,.696,.908,.048,18,.306,.442,1,0,,mclembe01
253,Aron Baynes,30,DET,C,75,2,1163,.513,5.6,1.000,.513,.251,.136,.100,.000,.513,.566,.429,.526,.429,,.734,,.115,31,,,0,0,,baynear01
254,Trey Lyles,21,UTA,PF,71,4,1158,.362,15.6,.535,.182,.180,.080,.093,.465,.400,.538,.329,.286,.366,.319,.404,.954,.021,9,.299,.361,1,0,,lylestr01
255,Jeremy Lamb,24,CHO,SG,62,5,1143,.460,13.8,.703,.230,.161,.165,.147,.297,.536,.699,.481,.481,.403,.281,.357,.756,.033,14,.205,.133,2,0,,lambje01
256,Brandon Knight,25,PHO,SG,54,5,1140,.398,13.7,.735,.246,.158,.118,.211,.265,.425,.558,.325,.387,.369,.324,.171,.511,.011,6,.245,.324,1,0,,knighbr03
257,Joe Harris,25,BRK,SG,52,11,1138,.425,17.3,.390,.249,.066,.017,.058,.610,.489,.556,.417,.500,.286,.385,.710,.929,.008,3,.244,.463,0,0,,harrijo01
258,Ian Clark,25,GSW,SG,77,0,1137,.487,15.0,.624,.236,.127,.139,.122,.376,.556,.676,.436,.467,.547,.374,.667,.967,.000,0,.294,.333,3,0,,clarkia01
259,Jahlil Okafor,21,PHI,C,50,33,1134,.514,5.9,1.000,.408,.374,.161,.055,.000,.514,.698,.409,.382,.269,,.426,,.047,22,,,0,0,,okafoja01
260,Mirza Teletović,31,MIL,PF,70,2,1133,.373,21.0,.270,.115,.055,.045,.055,.730,.460,.542,.435,.316,.435,.341,.750,.971,.012,4,.200,.344,2,0,,teletmi01
261,Tyler Ulis,21,PHO,PG,61,15,1123,.421,15.4,.819,.101,.151,.275,.295,.181,.455,.409,.485,.500,.411,.266,.117,.476,.000,0,.076,.000,5,0,,ulisty01
262,John Henson,26,MIL,C,58,39,1123,.515,4.9,.997,.511,.356,.052,.081,.003,.516,.633,.445,.250,.240,.000,.723,,.146,40,.000,,0,0,,hensojo01
263,Timofey Mozgov,30,LAL,C,54,52,1104,.515,6.9,.997,.439,.259,.125,.174,.003,.517,.660,.353,.439,.456,.000,.746,,.186,52,.000,,0,0,,mozgoti01
264,Tarik Black,25,LAL,C,67,16,1091,.510,3.3,.993,.667,.262,.037,.024,.007,.510,.622,.286,.364,.143,.500,.685,.000,.190,47,.000,,1,0,,blackta01
265,Lucas Nogueira,24,TOR,C,57,6,1088,.660,4.2,.923,.776,.103,.013,.032,.077,.694,.760,.375,.000,.400,.250,.780,1.000,.410,59,.167,.500,2,0,,noguelu01
266,Devin Harris,33,DAL,PG,65,0,1087,.399,16.2,.481,.270,.109,.012,.091,.519,.476,.565,.297,.500,.419,.328,.474,.828,.000,0,.209,.351,5,0,,harride01
267,Patrick McCaw,21,GSW,SG,71,20,1074,.433,15.4,.498,.290,.078,.057,.073,.502,.533,.690,.421,.286,.222,.333,.723,.927,.045,10,.350,.326,0,0,,mccawpa01
268,Jason Smith,30,WAS,C,74,3,1068,.529,15.8,.763,.173,.076,.097,.416,.237,.546,.667,.400,.531,.526,.474,.854,1.000,.043,11,.449,.457,0,0,,smithja02
269,Luke Babbitt,27,MIA,SF,68,55,1065,.402,21.7,.253,.043,.032,.100,.078,.747,.366,.167,.222,.429,.455,.414,.615,.966,.000,0,.305,.422,0,0,,babbilu01
270,Montrezl Harrell,23,HOU,C,58,14,1064,.652,3.8,.980,.687,.197,.032,.064,.020,.663,.751,.515,.091,.455,.143,.790,.000,.319,98,.571,.250,0,0,,harremo01
271,Álex Abrines,23,OKC,SG,68,6,1055,.393,20.6,.276,.120,.047,.044,.065,.724,.426,.488,.438,.333,.364,.381,.600,.968,.015,5,.231,.404,2,0,,abrinal01
272,Nerlens Noel,22,2TM,C,51,19,1047,.595,4.9,.997,.625,.162,.094,.120,.003,.597,.710,.520,.241,.378,.000,.745,,.307,85,.000,,0,0,,noelne01
272,Nerlens Noel,22,PHI,C,29,7,564,.611,4.8,.994,.634,.166,.080,.120,.006,.615,.721,.483,.214,.476,.000,.729,,.320,52,.000,,0,0,,noelne01
272,Nerlens Noel,22,DAL,C,22,12,483,.575,5.0,1.000,.612,.157,.112,.119,.000,.575,.695,.571,.267,.250,,.766,,.291,33,,,0,0,,noelne01
273,Cristiano Felício,24,CHI,C,66,0,1040,.579,4.2,1.000,.729,.118,.032,.127,.000,.579,.658,.423,.429,.286,,.648,,.222,46,,,0,0,,feliccr01
274,Willie Reed,26,MIA,C,71,5,1031,.568,4.4,.986,.614,.246,.084,.039,.014,.573,.703,.386,.333,.273,.250,.634,1.000,.242,63,.000,,0,0,,reedwi02
275,Brandon Rush,31,MIN,SG,47,33,1030,.374,18.2,.390,.176,.048,.043,.128,.610,.356,.424,.222,.250,.333,.386,.808,.977,.037,7,.658,.427,0,0,,rushbr01
276,Jerian Grant,24,CHI,PG,63,28,1028,.425,16.7,.555,.179,.096,.113,.166,.445,.473,.630,.345,.441,.400,.366,.278,.796,.010,3,.246,.455,1,0,,grantje02
277,Kyle Anderson,23,SAS,SF,72,14,1020,.445,11.2,.809,.344,.196,.105,.163,.191,.462,.611,.439,.273,.294,.375,.577,1.000,.019,4,.725,.414,1,0,,anderky01
278,Mindaugas Kuzminskas,27,NYK,SF,68,5,1016,.428,13.2,.545,.371,.138,.014,.019,.455,.517,.599,.373,.200,.286,.321,.625,.907,.079,28,.220,.405,0,0,,kuzmimi01
279,Joakim Noah,31,NYK,C,46,46,1015,.490,2.0,.995,.881,.089,.000,.015,.005,.493,.534,.222,,.000,.000,.495,,.084,16,.000,,0,0,,noahjo01
280,Rudy Gay,30,SAC,SF,30,30,1013,.455,13.1,.744,.233,.210,.140,.161,.256,.483,.689,.430,.387,.338,.372,.396,.881,.097,41,.186,.381,3,0,,gayru01
281,C.J. Watson,32,ORL,PG,62,9,1012,.387,17.1,.577,.185,.056,.089,.246,.423,.448,.522,.429,.409,.410,.305,.484,.656,.000,0,.267,.179,1,0,,watsocj01
282,Bobby Portis,21,CHI,PF,64,13,1000,.488,13.1,.744,.267,.160,.115,.203,.256,.541,.690,.550,.302,.474,.333,.642,1.000,.043,16,.458,.364,1,0,,portibo01
283,Taurean Prince,22,ATL,SF,59,10,981,.400,12.4,.642,.361,.133,.095,.056,.358,.443,.534,.342,.259,.375,.324,.630,.879,.032,7,.431,.341,1,0,,princta02
284,Joffrey Lauvergne,25,2TM,C,70,1,980,.440,10.4,.708,.387,.205,.036,.077,.292,.483,.600,.348,.583,.231,.337,.696,1.000,.086,27,.286,.429,1,0,,lauvejo01
284,Joffrey Lauvergne,25,OKC,PF,50,0,739,.455,11.4,.680,.365,.205,.033,.078,.320,.506,.607,.380,.625,.316,.346,.690,1.000,.090,22,.282,.455,1,0,,lauvejo01
284,Joffrey Lauvergne,25,CHI,C,20,1,241,.402,9.4,.783,.446,.207,.043,.076,.217,.431,.585,.263,.500,.000,.300,.710,1.000,.076,5,.300,.333,0,0,,lauvejo01
285,Denzel Valentine,23,CHI,SG,57,0,976,.354,20.7,.278,.076,.090,.042,.069,.722,.363,.545,.231,.417,.300,.351,.517,.904,.000,0,.303,.444,1,0,,valende01
286,Semaj Christon,24,OKC,PG,64,1,973,.345,14.1,.717,.283,.148,.148,.143,.283,.406,.492,.364,.364,.313,.190,.308,.833,.009,1,.254,.188,8,1,,chrisse01
287,Lance Thomas,28,NYK,PF,46,15,968,.398,15.1,.652,.217,.152,.061,.221,.348,.371,.415,.351,.333,.352,.447,.441,.974,.008,2,.471,.450,0,0,,thomala01
288,Leandro Barbosa,34,PHO,SG,67,0,963,.439,13.1,.750,.321,.120,.082,.230,.250,.466,.595,.319,.375,.389,.357,.321,.829,.000,0,.367,.361,0,0,,barbole01
289,Mario Hezonja,21,ORL,SF,65,2,960,.355,17.5,.564,.182,.097,.042,.242,.436,.398,.517,.375,.357,.325,.299,.500,.837,.036,9,.222,.250,4,0,,hezonma01
290,Michael Beasley,28,MIL,PF,56,6,935,.532,10.2,.894,.303,.246,.167,.175,.106,.545,.699,.490,.456,.451,.419,.545,1.000,.034,13,.488,.333,0,0,,beaslmi01
291,Al Jefferson,32,IND,C,66,1,931,.499,7.6,.998,.289,.382,.214,.108,.002,.500,.662,.522,.327,.353,.000,.536,,.021,10,.000,,0,0,,jeffeal01
292,Salah Mejri,30,DAL,C,73,11,905,.642,3.9,.978,.737,.117,.036,.088,.022,.649,.733,.500,.800,.083,.333,.701,1.000,.299,39,.000,,0,0,,mejrisa01
293,Aaron Brooks,32,IND,PG,65,0,894,.403,16.7,.573,.190,.153,.113,.117,.427,.424,.421,.413,.529,.343,.375,.096,.583,.000,0,.117,.400,6,0,,brookaa01
294,Khris Middleton,25,MIL,SF,29,23,889,.450,15.1,.688,.126,.201,.186,.174,.312,.459,.643,.403,.419,.431,.433,.495,.889,.003,1,.279,.414,0,0,,middlkh01
295,Jeremy Lin,28,BRK,PG,36,33,883,.438,15.0,.610,.235,.153,.098,.125,.390,.480,.553,.377,.538,.420,.372,.239,.621,.000,0,.090,.286,2,0,,linje01
296,Lavoy Allen,27,IND,PF,61,5,871,.458,8.9,.994,.357,.256,.060,.321,.006,.461,.583,.465,.200,.370,.000,.740,,.030,4,.000,,0,0,,allenla01
297,Pascal Siakam,22,TOR,PF,55,38,859,.502,7.0,.966,.463,.249,.112,.141,.034,.515,.600,.490,.304,.448,.143,.667,1.000,.093,17,.571,.000,0,0,,siakapa01
298,Ron Baker,23,NYK,SG,52,13,857,.378,14.3,.604,.346,.106,.041,.120,.396,.450,.547,.130,.333,.462,.267,.373,.870,.005,1,.337,.241,3,0,,bakerro01
299,David West,36,GSW,C,68,0,854,.536,11.1,.968,.274,.210,.103,.381,.032,.541,.667,.509,.385,.510,.375,.795,1.000,.044,11,.250,.500,1,0,,westda01
300,Michael Carter-Williams,25,CHI,PG,45,19,846,.366,11.1,.791,.265,.294,.144,.088,.209,.401,.519,.378,.295,.296,.234,.423,.933,.020,6,.406,.308,0,0,,cartemi01
301,Paul Zipser,22,CHI,SF,44,18,843,.398,16.5,.552,.222,.095,.050,.186,.448,.451,.612,.333,.364,.341,.333,.818,1.000,.018,4,.414,.390,2,0,,zipsepa01
302,Juancho Hernangómez,21,DEN,PF,62,9,842,.451,14.1,.496,.353,.098,.018,.031,.504,.495,.595,.318,.000,.143,.407,.618,1.000,.080,15,.257,.517,0,0,,hernaju01
303,Mike Dunleavy,36,2TM,SF,53,2,841,.423,18.3,.391,.209,.032,.027,.123,.609,.465,.652,.000,.333,.296,.396,.775,.962,.005,1,.306,.488,0,0,,dunlemi02
303,Mike Dunleavy,36,CLE,SF,23,2,366,.400,18.0,.367,.211,.067,.022,.067,.633,.485,.737,.000,.500,.167,.351,.750,.900,.011,1,.368,.429,0,0,,dunlemi02
303,Mike Dunleavy,36,ATL,SF,30,0,475,.438,18.6,.408,.208,.008,.031,.162,.592,.453,.593,.000,.250,.333,.429,.792,1.000,.000,0,.260,.550,0,0,,dunlemi02
304,Ramon Sessions,30,CHO,PG,50,1,811,.380,11.2,.764,.312,.240,.122,.091,.236,.393,.512,.333,.281,.292,.339,.392,.857,.015,4,.210,.462,0,0,,sessira01
305,Wesley Johnson,29,LAC,SF,68,3,810,.365,19.5,.410,.150,.035,.040,.185,.590,.537,.633,.714,.500,.432,.246,.773,1.000,.050,9,.364,.302,1,0,,johnswe01
306,Dāvis Bertāns,24,SAS,PF,67,6,808,.440,20.4,.261,.150,.030,.026,.056,.739,.557,.714,.286,.167,.462,.399,.765,.957,.073,16,.202,.486,1,0,,bertada01
307,Derrick Williams,25,2TM,PF,50,11,804,.443,13.7,.602,.369,.053,.057,.119,.398,.531,.589,.308,.500,.483,.309,.705,.967,.078,18,.423,.317,1,0,,willide02
307,Derrick Williams,25,MIA,PF,25,11,377,.394,13.2,.672,.365,.058,.073,.168,.328,.489,.520,.250,.700,.435,.200,.667,.889,.036,4,.378,.235,1,0,,willide02
307,Derrick Williams,25,CLE,PF,25,0,427,.505,14.1,.514,.374,.047,.037,.056,.486,.600,.675,.400,.000,.667,.404,.758,1.000,.131,14,.462,.375,0,0,,willide02
308,Spencer Hawes,28,2TM,PF,54,1,797,.484,13.0,.708,.336,.170,.119,.083,.292,.556,.688,.511,.424,.304,.309,.817,1.000,.054,11,.136,.455,0,0,,hawessp01
308,Spencer Hawes,28,CHO,PF,35,1,626,.477,11.2,.748,.362,.170,.119,.096,.252,.540,.646,.541,.462,.238,.291,.818,1.000,.060,9,.127,.429,0,0,,hawessp01
308,Spencer Hawes,28,MIL,PF,19,0,171,.508,14.9,.559,.237,.169,.119,.034,.441,.636,.929,.400,.286,1.000,.346,.810,1.000,.034,2,.154,.500,0,0,,hawessp01
309,Ed Davis,27,POR,PF,46,12,789,.528,2.5,1.000,.718,.275,.007,.000,.000,.528,.578,.385,1.000,,,.667,,.176,19,,,0,0,,davised01
310,Tyreke Evans,27,2TM,SF,40,6,788,.405,12.4,.681,.395,.154,.024,.108,.319,.429,.514,.316,.333,.300,.356,.204,.548,.005,2,.051,.333,1,0,,evansty01
310,Tyreke Evans,27,NOP,SF,26,0,474,.401,12.0,.692,.445,.123,.013,.110,.308,.446,.535,.214,.333,.360,.300,.186,.476,.004,1,.029,.000,0,0,,evansty01
310,Tyreke Evans,27,SAC,SF,14,6,314,.413,12.9,.664,.315,.203,.042,.105,.336,.400,.467,.414,.333,.200,.438,.237,.619,.007,1,.083,.500,1,0,,evansty01
311,Joel Embiid,22,PHI,C,31,31,786,.466,11.2,.772,.324,.191,.170,.086,.228,.495,.640,.366,.370,.486,.367,.530,.972,.065,25,.020,.000,0,0,ROY-3,embiijo01
312,DeAndre Liggins,28,2TM,SG,62,19,777,.387,9.3,.676,.451,.092,.028,.106,.324,.396,.531,.077,.000,.200,.370,.447,.941,.007,0,.587,.444,1,0,,liggide01
312,DeAndre Liggins,28,CLE,SG,61,19,752,.382,11.8,.669,.441,.088,.029,.110,.331,.385,.517,.083,.000,.200,.378,.457,.941,.007,0,.600,.444,1,0,,liggide01
312,DeAndre Liggins,28,DAL,SG,1,0,25,.500,6.7,.833,.667,.167,.000,.000,.167,.600,.750,.000,,,.000,.333,,.000,0,.000,,0,0,,liggide01
313,Tyus Jones,20,MIN,PG,60,0,774,.414,14.9,.597,.227,.171,.088,.110,.403,.454,.537,.452,.500,.250,.356,.347,.885,.000,0,.315,.348,1,0,,jonesty01
314,J.J. Barea,32,DAL,PG,35,6,771,.414,16.3,.569,.146,.169,.125,.128,.431,.456,.540,.414,.442,.432,.358,.180,.396,.000,0,.068,.300,0,0,,bareajo01
315,Hollis Thompson,25,2TM,SG,40,9,752,.385,15.9,.525,.235,.120,.075,.095,.475,.429,.553,.375,.400,.211,.337,.733,.969,.010,2,.389,.351,0,0,,thompho01
315,Hollis Thompson,25,PHI,SG,31,1,561,.415,15.4,.553,.245,.113,.088,.107,.447,.455,.615,.333,.429,.235,.366,.750,1.000,.013,2,.338,.417,0,0,,thompho01
315,Hollis Thompson,25,NOP,SG,9,8,191,.268,16.4,.415,.195,.146,.024,.049,.585,.294,.250,.500,.000,.000,.250,.600,.833,.000,0,.542,.231,0,0,,thompho01
316,JaVale McGee,29,GSW,C,77,10,739,.652,2.5,.991,.777,.188,.019,.003,.009,.658,.730,.400,.500,.000,.000,.769,,.417,121,.000,,1,0,,mcgeeja01
317,Jodie Meeks,29,ORL,SG,36,10,738,.402,18.2,.465,.148,.074,.105,.137,.535,.395,.526,.421,.259,.343,.409,.766,.929,.008,2,.139,.474,1,0,,meeksjo01
318,Tomáš Satoranský,25,WAS,SG,57,3,719,.415,11.5,.748,.320,.218,.122,.082,.252,.473,.468,.500,.444,.500,.243,.404,1.000,.041,3,.297,.364,1,0,,satorto01
319,Anthony Morrow,31,2TM,SG,49,7,714,.389,17.6,.472,.063,.155,.151,.099,.528,.479,.563,.538,.395,.480,.308,.596,.976,.000,0,.338,.267,0,0,,morroan01
319,Anthony Morrow,31,OKC,SG,40,7,627,.386,18.1,.466,.063,.152,.143,.103,.534,.490,.571,.588,.344,.522,.294,.608,.971,.000,0,.303,.222,0,0,,morroan01
319,Anthony Morrow,31,CHI,SG,9,0,87,.414,17.1,.517,.069,.172,.207,.069,.483,.400,.500,.200,.667,.000,.429,.500,1.000,.000,0,.643,.444,0,0,,morroan01
320,Alan Williams,24,PHO,C,47,0,708,.517,4.7,.996,.498,.408,.086,.004,.004,.519,.609,.431,.435,.000,.000,.725,,.011,3,.000,,1,0,,willial03
321,Trey Burke,24,WAS,PG,57,0,703,.455,16.1,.725,.137,.086,.184,.314,.275,.459,.514,.455,.489,.425,.443,.212,.806,.000,0,.171,.667,0,0,,burketr01
322,Rodney Stuckey,30,IND,PG,39,0,696,.373,14.4,.754,.213,.131,.168,.242,.246,.391,.500,.313,.463,.288,.317,.181,.789,.000,0,.333,.350,2,0,,stuckro01
323,Kris Humphries,31,ATL,PF,56,4,689,.407,11.9,.748,.374,.079,.168,.131,.252,.425,.538,.059,.333,.429,.352,.676,1.000,.089,14,.204,.364,0,0,,humphkr01
324,Roy Hibbert,30,2TM,C,48,13,682,.544,5.9,1.000,.395,.313,.116,.177,.000,.544,.690,.435,.529,.423,,.650,,.129,18,,,0,0,,hibbero01
324,Roy Hibbert,30,CHO,C,42,13,671,.542,7.4,1.000,.389,.313,.118,.181,.000,.542,.696,.422,.529,.423,,.654,,.132,18,,,0,0,,hibbero01
324,Roy Hibbert,30,DEN,C,6,0,11,.667,4.4,1.000,.667,.333,.000,.000,.000,.667,.500,1.000,,,,.500,,.000,0,,,0,0,,hibbero01
325,Chandler Parsons,28,MEM,SF,34,34,675,.338,15.0,.581,.288,.059,.131,.104,.419,.388,.578,.000,.345,.130,.269,.660,.800,.014,3,.161,.467,0,0,,parsoch01
326,Alec Burks,25,UTA,SG,42,0,653,.399,12.9,.694,.270,.185,.117,.121,.306,.430,.388,.478,.552,.333,.329,.311,.800,.028,4,.368,.393,0,0,,burksal01
327,Omri Casspi,28,3TM,PF,36,2,643,.470,10.1,.738,.433,.287,.018,.006,.262,.512,.620,.383,.000,.000,.349,.726,1.000,.043,6,.209,.333,0,0,,casspom01
327,Omri Casspi,28,SAC,PF,22,2,397,.453,8.8,.752,.453,.274,.017,.009,.248,.477,.604,.313,.000,.000,.379,.690,1.000,.034,3,.172,.400,0,0,,casspom01
327,Omri Casspi,28,NOP,PF,1,0,24,.556,12.3,.556,.444,.111,.000,.000,.444,.600,.500,1.000,,,.500,.667,1.000,.111,1,.250,.000,0,0,,casspom01
327,Omri Casspi,28,MIN,PF,13,0,222,.500,9.2,.737,.368,.368,.026,.000,.263,.607,.714,.500,.000,,.200,.824,1.000,.053,2,.300,.333,0,0,,casspom01
328,Darrell Arthur,28,DEN,PF,41,7,639,.442,18.8,.456,.140,.033,.079,.205,.544,.429,.600,.000,.471,.364,.453,.786,.981,.023,5,.231,.481,0,0,,arthuda01
329,Jakob Poeltl,21,TOR,C,54,4,626,.583,2.6,1.000,.722,.235,.035,.009,.000,.583,.614,.519,.500,.000,,.687,,.096,10,,,0,0,,poeltja01
330,Justise Winslow,20,MIA,SF,18,15,625,.356,10.6,.844,.320,.258,.062,.204,.156,.384,.472,.379,.214,.304,.200,.397,1.000,.040,7,.600,.286,0,0,,winslju01
331,Skal Labissière,20,SAC,PF,33,12,612,.537,8.9,.963,.289,.275,.220,.174,.037,.543,.683,.400,.521,.579,.375,.605,1.000,.147,30,.000,,0,0,,labissk01
332,Ivica Zubac,19,LAL,C,38,11,609,.529,6.2,.987,.403,.399,.092,.088,.013,.536,.615,.474,.455,.571,.000,.802,,.101,20,.000,,1,0,,zubaciv01
333,Isaiah Canaan,25,CHI,SG,39,0,592,.364,17.6,.457,.150,.127,.064,.116,.543,.481,.538,.636,.273,.350,.266,.368,.920,.012,2,.298,.250,0,0,,canaais01
334,Tyler Ennis,22,2TM,PG,53,2,588,.433,12.1,.663,.322,.197,.082,.063,.337,.457,.567,.390,.294,.308,.386,.111,.556,.000,0,.129,.000,1,0,,ennisty01
334,Tyler Ennis,22,HOU,PG,31,0,196,.391,10.7,.750,.328,.297,.047,.078,.250,.396,.667,.263,.000,.000,.375,.053,.667,.000,0,.063,.000,0,0,,ennisty01
334,Tyler Ennis,22,LAL,PG,22,2,392,.451,13.4,.625,.319,.153,.097,.056,.375,.489,.522,.500,.357,.500,.389,.136,.524,.000,0,.148,.000,1,0,,ennisty01
335,Alexis Ajinça,28,NOP,C,39,15,584,.500,9.0,.978,.348,.253,.107,.270,.022,.511,.710,.378,.579,.354,.000,.820,,.129,20,.000,,0,0,,ajincal01
336,Andrew Bogut,32,2TM,C,27,21,583,.469,4.3,.988,.457,.469,.062,.000,.012,.475,.568,.421,.200,,.000,.526,,.099,7,.000,,0,0,,bogutan01
336,Andrew Bogut,32,DAL,C,26,21,582,.469,4.3,.988,.457,.469,.062,.000,.012,.475,.568,.421,.200,,.000,.526,,.099,7,.000,,0,0,,bogutan01
336,Andrew Bogut,32,CLE,C,1,0,1,,,,,,,,,,,,,,,,,,0,,,0,0,,bogutan01
337,Brandon Bass,31,LAC,PF,52,0,577,.575,6.8,.984,.532,.118,.237,.097,.016,.579,.687,.500,.477,.333,.333,.679,1.000,.199,35,.333,.000,0,0,,bassbr01
338,Marcus Thornton,29,WAS,SG,33,1,575,.400,15.1,.619,.214,.171,.071,.162,.381,.431,.600,.333,.467,.294,.350,.482,.750,.000,0,.188,.200,0,0,,thornma01
339,Dragan Bender,19,PHO,PF,43,0,574,.354,18.3,.373,.205,.062,.019,.087,.627,.483,.576,.500,.667,.214,.277,.552,1.000,.031,5,.287,.345,0,0,,bendedr01
340,Thon Maker,19,MIL,C,57,34,562,.459,13.4,.591,.337,.122,.055,.077,.409,.514,.639,.364,.300,.357,.378,.673,1.000,.144,23,.297,.364,0,0,,makerth01
341,Thomas Robinson,25,LAL,PF,48,1,560,.536,4.3,.995,.643,.209,.097,.046,.005,.538,.643,.463,.158,.222,.000,.467,,.153,24,.000,,0,0,,robinth01
342,Beno Udrih,34,DET,PG,39,0,560,.467,14.1,.838,.213,.096,.279,.249,.162,.491,.595,.526,.509,.367,.344,.136,.545,.000,0,.156,.600,4,0,,udrihbe01
343,Kevin Séraphin,27,IND,PF,49,3,559,.551,8.9,.990,.263,.338,.192,.197,.010,.556,.712,.582,.342,.513,.000,.661,,.066,11,.000,,0,0,,serapke01
344,Jarell Martin,22,MEM,PF,42,3,558,.384,9.7,.834,.517,.099,.040,.179,.166,.389,.423,.200,.500,.370,.360,.633,1.000,.113,11,.600,.467,1,0,,martija01
345,Quincy Acy,26,2TM,PF,38,1,558,.412,15.8,.471,.265,.065,.076,.059,.529,.413,.489,.273,.308,.400,.411,.727,.973,.035,6,.278,.360,1,0,,acyqu01
345,Quincy Acy,26,DAL,PF,6,0,48,.294,15.3,.588,.235,.118,.059,.118,.412,.400,.500,.500,1.000,.000,.143,.750,1.000,.118,2,.286,.500,0,0,,acyqu01
345,Quincy Acy,26,BRK,PF,32,1,510,.425,16.3,.458,.268,.059,.078,.052,.542,.414,.488,.222,.250,.500,.434,.724,.972,.026,4,.277,.348,1,0,,acyqu01
346,Troy Williams,22,2TM,SF,30,16,557,.437,13.0,.629,.431,.102,.030,.060,.371,.524,.597,.353,.600,.300,.290,.455,.944,.114,18,.210,.385,1,0,,willitr02
346,Troy Williams,22,MEM,SF,24,13,418,.415,11.4,.667,.463,.098,.033,.065,.333,.500,.561,.333,.500,.375,.244,.390,1.000,.122,14,.220,.333,1,0,,willitr02
346,Troy Williams,22,HOU,SF,6,3,139,.500,14.5,.523,.341,.114,.023,.045,.477,.609,.733,.400,1.000,.000,.381,.643,.875,.091,4,.190,.500,0,0,,willitr02
347,Ian Mahinmi,30,WAS,C,31,0,555,.586,3.1,1.000,.631,.324,.027,.009,.000,.586,.657,.500,.333,.000,,.723,,.117,13,,,0,0,,mahinia01
348,Derrick Jones Jr.,19,PHO,SF,32,8,545,.562,6.0,.909,.620,.149,.050,.091,.091,.591,.733,.278,.500,.182,.273,.677,1.000,.298,33,.455,.600,0,0,,jonesde02
349,José Calderón,35,2TM,PG,41,13,539,.410,18.5,.522,.142,.022,.090,.269,.478,.500,.737,.000,.333,.472,.313,.486,.900,.000,0,.219,.143,0,0,,caldejo01
349,José Calderón,35,LAL,PG,24,11,292,.416,18.6,.558,.104,.039,.143,.273,.442,.465,.750,.000,.364,.476,.353,.400,.917,.000,0,.206,.286,0,0,,caldejo01
349,José Calderón,35,ATL,PG,17,2,247,.404,18.4,.474,.193,.000,.018,.263,.526,.556,.727,,.000,.467,.267,.600,.875,.000,0,.233,.000,0,0,,caldejo01
350,Gerald Green,31,BOS,SF,47,0,538,.409,17.5,.522,.147,.095,.164,.121,.478,.463,.647,.364,.395,.393,.351,.589,.821,.039,8,.279,.355,3,0,,greenge01
351,Cole Aldrich,28,MIN,C,62,0,531,.523,3.0,1.000,.581,.407,.012,.000,.000,.523,.640,.371,.000,,,.733,,.128,11,,,0,0,,aldrico01
352,Tyler Zeller,27,BOS,C,51,5,525,.494,7.6,.994,.500,.190,.019,.285,.006,.497,.620,.400,.000,.378,.000,.846,,.051,8,.000,,0,0,,zellety01
353,Nicolás Brussino,23,DAL,SG,54,2,521,.369,21.0,.326,.085,.064,.028,.149,.674,.500,.750,.556,.250,.381,.305,.609,1.000,.014,1,.168,.500,1,0,,brussni01
354,Shabazz Napier,25,POR,PG,53,2,512,.399,18.3,.497,.202,.055,.055,.186,.503,.429,.432,.400,.400,.441,.370,.128,.647,.000,0,.141,.308,0,0,,napiesh01
355,K.J. McDaniels,23,2TM,SF,49,0,505,.456,12.6,.609,.349,.178,.041,.041,.391,.553,.644,.467,.286,.429,.303,.544,.950,.107,15,.212,.429,0,0,,mcdankj01
355,K.J. McDaniels,23,HOU,SF,29,0,212,.456,12.2,.603,.368,.176,.044,.015,.397,.537,.640,.417,.333,.000,.333,.682,.889,.132,7,.259,.286,0,0,,mcdankj01
355,K.J. McDaniels,23,BRK,SF,20,0,293,.455,12.9,.614,.337,.178,.040,.059,.386,.565,.647,.500,.250,.500,.282,.457,1.000,.089,8,.179,.571,0,0,,mcdankj01
356,Miles Plumlee,28,2TM,C,45,12,484,.478,2.9,1.000,.598,.348,.054,.000,.000,.478,.564,.375,.200,,,.864,,.261,19,,,0,0,,plumlmi01
356,Miles Plumlee,28,MIL,C,32,12,310,.441,3.3,1.000,.574,.368,.059,.000,.000,.441,.538,.320,.250,,,.900,,.250,13,,,0,0,,plumlmi01
356,Miles Plumlee,28,CHO,C,13,0,174,.583,2.5,1.000,.667,.292,.042,.000,.000,.583,.625,.571,.000,,,.786,,.292,6,,,0,0,,plumlmi01
357,Ömer Aşık,30,NOP,C,31,19,482,.477,1.6,1.000,.908,.092,.000,.000,.000,.477,.525,.000,,,,.710,,.262,15,,,0,0,,asikom01
358,Donatas Motiejūnas,26,NOP,PF,34,0,479,.413,12.4,.659,.188,.399,.065,.007,.341,.505,.692,.436,.444,.000,.234,.739,1.000,.014,2,.170,.375,0,0,,motiedo01
359,Okaro White,24,MIA,PF,35,0,471,.379,13.4,.609,.322,.126,.080,.080,.391,.396,.500,.182,.571,.143,.353,.714,1.000,.046,4,.471,.375,0,0,,whiteok01
360,Reggie Bullock,25,DET,SF,31,5,467,.422,17.4,.430,.227,.055,.047,.102,.570,.473,.655,.143,.333,.308,.384,.769,1.000,.000,0,.329,.417,0,0,,bullore01
361,Cameron Payne,22,2TM,PG,31,0,462,.332,17.5,.554,.140,.135,.140,.140,.446,.346,.333,.423,.407,.222,.314,.216,.852,.000,0,.093,.375,1,0,,payneca01
361,Cameron Payne,22,OKC,PG,20,0,320,.331,16.3,.600,.146,.154,.169,.131,.400,.346,.316,.400,.364,.294,.308,.148,.875,.000,0,.077,.500,1,0,,payneca01
361,Cameron Payne,22,CHI,PG,11,0,142,.333,18.8,.460,.127,.095,.079,.159,.540,.345,.375,.500,.600,.100,.324,.400,.818,.000,0,.118,.250,0,0,,payneca01
362,Luis Scola,36,BRK,PF,36,1,461,.470,11.6,.669,.384,.199,.053,.040,.331,.535,.672,.400,.375,.000,.340,.407,.941,.007,1,.360,.389,0,0,,scolalu01
363,Rashad Vaughn,20,MIL,SG,41,2,458,.365,17.3,.481,.167,.115,.058,.141,.519,.413,.654,.167,.111,.455,.321,.677,.846,.019,2,.247,.350,0,0,,vaughra01
364,James Michael McAdoo,24,GSW,PF,52,2,457,.530,5.9,.932,.590,.188,.077,.085,.068,.550,.667,.364,.444,.200,.250,.850,1.000,.291,31,.250,.500,0,0,,mcadoja01
365,Kevon Looney,20,GSW,C,53,4,447,.523,5.1,.916,.701,.121,.037,.056,.084,.551,.680,.231,.000,.000,.222,.833,1.000,.290,28,.000,,0,0,,looneke01
366,Brandan Wright,29,MEM,PF,28,5,447,.615,3.9,.993,.630,.252,.096,.015,.007,.619,.729,.441,.385,.500,.000,.892,,.274,36,.000,,0,0,,wrighbr03
367,Delon Wright,24,TOR,PG,27,0,446,.422,10.3,.741,.379,.233,.069,.052,.259,.453,.568,.407,.375,.000,.333,.128,.600,.043,5,.233,.286,0,0,,wrighde01
368,Jordan Crawford,28,NOP,SG,19,0,442,.482,17.5,.564,.106,.170,.083,.206,.436,.553,.826,.595,.611,.356,.389,.221,.838,.009,2,.116,.273,0,0,,crawfjo02
369,Jeff Withey,26,UTA,C,51,1,432,.534,3.3,.990,.777,.165,.019,.029,.010,.539,.600,.235,1.000,.333,.000,.600,,.068,5,.000,,1,0,,witheje01
370,Brian Roberts,31,CHO,PG,41,2,416,.377,16.2,.639,.172,.115,.123,.230,.361,.372,.429,.143,.333,.464,.386,.345,.882,.000,0,.159,.571,0,0,,roberbr01
371,Sasha Vujačić,32,NYK,SG,42,4,408,.309,20.7,.456,.074,.015,.074,.294,.544,.306,.200,.000,.200,.375,.311,.579,.696,.000,0,.149,.182,1,0,,vujacsa01
372,Wade Baldwin,20,MEM,PG,33,1,405,.313,11.3,.809,.357,.157,.174,.113,.191,.355,.439,.167,.350,.385,.136,.303,.333,.043,4,.182,.000,1,0,,baldwwa01
373,David Nwaba,24,LAL,SG,20,2,397,.580,3.9,.938,.753,.123,.025,.037,.062,.605,.656,.500,.000,.333,.200,.609,1.000,.235,18,.800,.250,0,0,,nwabada01
374,Toney Douglas,30,MEM,PG,24,0,394,.368,16.2,.641,.188,.145,.111,.197,.359,.480,.591,.529,.231,.478,.167,.361,.429,.000,0,.048,.500,2,0,,douglto01
375,Kay Felder,21,CLE,PG,42,0,386,.392,11.4,.861,.342,.108,.133,.278,.139,.404,.500,.059,.381,.432,.318,.200,.714,.000,0,.318,.429,0,0,,feldeka01
376,Kyle Singler,28,OKC,SF,32,2,385,.410,13.2,.554,.386,.084,.048,.036,.446,.587,.719,.286,.250,.333,.189,.630,1.000,.048,4,.405,.200,0,0,,singlky01
377,Jordan McRae,25,CLE,SG,37,4,384,.387,14.1,.660,.287,.113,.127,.133,.340,.404,.442,.353,.105,.650,.353,.375,.944,.033,3,.412,.429,2,0,,mcraejo01
378,James Jones,36,CLE,SF,48,2,381,.478,21.2,.283,.065,.022,.054,.141,.717,.500,.667,.000,.800,.385,.470,.615,.935,.000,0,.364,.500,0,0,,jonesja02
379,Darrun Hilliard,23,DET,SG,39,1,381,.373,16.7,.635,.135,.135,.079,.286,.365,.438,.647,.294,.500,.389,.261,.400,.917,.016,2,.370,.353,0,0,,hillida01
380,Josh McRoberts,29,MIA,PF,22,14,381,.373,12.7,.737,.288,.144,.144,.153,.263,.356,.588,.059,.176,.389,.419,.516,.923,.068,7,.129,.250,0,0,,mcrobjo01
381,DeAndre' Bembry,22,ATL,SF,38,1,371,.480,8.1,.816,.582,.092,.092,.051,.184,.575,.632,.333,.333,.800,.056,.696,1.000,.112,9,.333,.167,1,0,,bembrde01
382,Lance Stephenson,26,3TM,SG,18,0,361,.450,13.4,.833,.250,.133,.150,.300,.167,.480,.733,.438,.222,.417,.300,.396,.667,.017,2,.100,1.000,1,0,,stephla01
382,Lance Stephenson,26,NOP,SG,6,0,162,.473,12.1,.818,.345,.127,.109,.236,.182,.556,.737,.429,.333,.462,.100,.480,.000,.036,2,.100,1.000,1,0,,stephla01
382,Lance Stephenson,26,MIN,SG,6,0,67,.476,14.2,.905,.190,.048,.238,.429,.095,.526,.750,1.000,.000,.667,.000,.400,,.000,0,.000,,0,0,,stephla01
382,Lance Stephenson,26,IND,SG,6,0,132,.409,14.0,.818,.159,.182,.159,.318,.182,.361,.714,.375,.286,.214,.625,.231,.800,.000,0,.125,1.000,0,0,,stephla01
383,Georgios Papagiannis,19,SAC,C,22,0,355,.549,6.4,.980,.363,.392,.157,.069,.020,.560,.730,.500,.438,.286,.000,.554,,.196,18,.000,,0,0,,papagge01
384,Raul Neto,24,UTA,PG,40,0,346,.451,13.7,.659,.396,.110,.066,.099,.341,.517,.639,.500,.000,.333,.323,.258,.900,.000,0,.323,.100,2,0,,netora01
385,Andrew Nicholson,27,2TM,PF,38,0,342,.387,12.8,.757,.216,.297,.180,.063,.243,.452,.708,.364,.250,.571,.185,.658,1.000,.018,2,.222,.000,1,0,,nichoan01
385,Andrew Nicholson,27,WAS,PF,28,0,231,.390,11.1,.792,.234,.364,.156,.039,.208,.443,.667,.357,.333,.333,.188,.630,1.000,.026,2,.250,.000,1,0,,nichoan01
385,Andrew Nicholson,27,BRK,PF,10,0,111,.382,14.5,.676,.176,.147,.235,.118,.324,.478,.833,.400,.125,.750,.182,.727,1.000,.000,0,.182,.000,0,0,,nichoan01
386,Maurice Ndour,24,NYK,PF,32,4,331,.453,8.6,.919,.384,.163,.198,.151,.081,.481,.727,.286,.353,.308,.143,.737,1.000,.105,8,.286,.500,0,0,,ndourma01
387,Dejounte Murray,20,SAS,PG,38,8,322,.431,9.7,.802,.293,.362,.095,.052,.198,.441,.559,.452,.182,.167,.391,.415,.889,.026,3,.217,.600,0,0,,murrade01
388,Pat Connaughton,24,POR,SG,39,1,316,.514,14.5,.542,.375,.056,.014,.097,.458,.513,.667,.250,.000,.143,.515,.800,.941,.056,4,.182,.500,0,0,,connapa01
389,Damjan Rudež,30,ORL,SF,45,0,314,.352,22.3,.273,.045,.011,.045,.170,.727,.458,.750,.000,.500,.400,.313,.727,1.000,.000,0,.172,.091,0,0,,rudezda01
390,Alan Anderson,34,LAC,SF,30,0,308,.375,17.6,.450,.175,.088,.088,.100,.550,.444,.857,.143,.143,.250,.318,.563,.857,.000,0,.364,.250,0,0,,anderal01
391,Chasson Randle,23,2TM,PG,26,0,299,.408,15.3,.520,.327,.133,.041,.020,.480,.471,.531,.385,.500,.000,.340,.292,.688,.010,1,.106,.200,0,0,,randlch01
391,Chasson Randle,23,PHI,PG,8,0,74,.462,17.2,.423,.192,.115,.077,.038,.577,.545,.600,.333,1.000,.000,.400,.500,.500,.000,0,.067,.000,0,0,,randlch01
391,Chasson Randle,23,NYK,PG,18,0,225,.389,13.4,.556,.375,.139,.028,.014,.444,.450,.519,.400,.000,.000,.313,.222,.800,.014,1,.125,.250,0,0,,randlch01
392,Fred VanVleet,22,TOR,PG,37,0,294,.351,11.6,.739,.378,.180,.063,.108,.261,.341,.429,.100,.429,.417,.379,.250,.818,.000,0,.310,.667,1,0,,vanvlfr01
393,Boban Marjanović,28,DET,C,35,0,293,.545,4.7,1.000,.417,.485,.098,.000,.000,.545,.764,.391,.385,,,.653,,.114,13,,,0,0,,marjabo01
394,Sheldon Mac,24,WAS,SG,30,3,287,.400,15.5,.600,.227,.093,.133,.147,.400,.511,.471,.571,.700,.364,.233,.435,.857,.000,0,.400,.083,0,0,,mcclesh01
395,Bryn Forbes,23,SAS,SG,36,0,285,.364,20.3,.465,.030,.061,.091,.283,.535,.413,.000,.333,.222,.536,.321,.474,.765,.000,0,.208,.273,0,0,,forbebr01
396,Paul Pierce,39,LAC,SF,25,7,277,.400,20.0,.386,.086,.029,.129,.143,.614,.481,.500,1.000,.556,.300,.349,.615,1.000,.014,1,.116,.600,0,0,,piercpa01
397,Anthony Bennett,23,BRK,PF,23,1,264,.413,13.9,.478,.370,.087,.011,.011,.522,.568,.676,.250,.000,.000,.271,.440,.923,.098,9,.375,.167,0,0,,bennean01
398,Jake Layman,22,POR,SF,35,1,249,.292,18.7,.427,.191,.056,.022,.157,.573,.342,.471,.400,.500,.143,.255,.692,.923,.045,4,.196,.300,1,0,,laymaja01
399,Deyonta Davis,20,MEM,C,36,0,238,.511,5.3,1.000,.638,.149,.021,.191,.000,.511,.633,.571,.000,.111,,.667,,.255,11,,,0,0,,davisde01
400,Marcelo Huertas,33,LAL,PG,23,1,237,.368,13.3,.721,.132,.279,.279,.029,.279,.429,.667,.316,.474,.000,.211,.238,.500,.000,0,.105,.000,0,0,,huertma01
401,Wayne Selden,22,2TM,SG,14,5,236,.431,18.0,.517,.310,.086,.069,.052,.483,.600,.778,.400,.250,.333,.250,.556,1.000,.069,3,.250,.571,0,0,,seldewa01
401,Wayne Selden,22,NOP,SG,3,3,47,.625,22.0,.125,.125,.000,.000,.000,.875,1.000,1.000,,,,.571,1.000,1.000,.125,1,.286,1.000,0,0,,seldewa01
401,Wayne Selden,22,MEM,SG,11,2,189,.400,14.0,.580,.340,.100,.080,.060,.420,.586,.765,.400,.250,.333,.143,.529,1.000,.060,2,.238,.400,0,0,,seldewa01
402,Shawn Long,24,PHI,C,18,0,234,.560,7.2,.826,.642,.073,.028,.073,.174,.600,.686,.375,.000,.375,.368,.500,1.000,.128,14,.053,.000,0,0,,longsh01
403,Jonathan Gibson,29,DAL,PG,17,0,231,.368,17.9,.526,.179,.063,.095,.189,.474,.400,.412,.333,.556,.333,.333,.300,.800,.000,0,.044,.500,1,0,,gibsojo01
404,James Young,21,BOS,SG,29,0,220,.431,18.0,.397,.172,.086,.069,.069,.603,.565,.900,.400,.250,.250,.343,.769,1.000,.052,2,.371,.385,0,0,,youngja01
405,Rakeem Christmas,25,IND,PF,29,0,219,.442,3.6,1.000,.628,.256,.047,.047,.000,.442,.556,.364,.000,.000,,.737,,.163,5,,,0,0,,chrisra01
406,Archie Goodwin,22,2TM,SG,15,0,214,.545,9.7,.773,.606,.091,.015,.061,.227,.608,.600,.667,1.000,.500,.333,.355,.800,.076,4,.133,1.000,0,0,,goodwar01
406,Archie Goodwin,22,NOP,SG,3,0,30,.400,10.9,.600,.400,.200,.000,.000,.400,.333,.000,1.000,,,.500,.000,1.000,.200,0,.500,1.000,0,0,,goodwar01
406,Archie Goodwin,22,BRK,SG,12,0,184,.557,8.5,.787,.623,.082,.016,.066,.213,.625,.632,.600,1.000,.500,.308,.367,.750,.066,4,.077,1.000,0,0,,goodwar01
407,Briante Weber,24,2TM,PG,20,0,205,.417,12.1,.833,.367,.200,.083,.183,.167,.480,.682,.417,.400,.182,.100,.333,.000,.000,0,.100,.000,0,0,,weberbr01
407,Briante Weber,24,GSW,PG,7,0,46,.357,13.9,.786,.286,.214,.000,.286,.214,.455,.750,.000,,.500,.000,.200,,.000,0,.000,,0,0,,weberbr01
407,Briante Weber,24,CHO,PG,13,0,159,.435,10.4,.848,.391,.196,.109,.152,.152,.487,.667,.556,.400,.000,.143,.368,.000,.000,0,.143,.000,0,0,,weberbr01
408,Cheick Diallo,20,NOP,PF,17,0,199,.474,10.3,1.000,.276,.158,.289,.263,.000,.474,.810,.417,.318,.350,,.667,,.053,4,,.000,0,0,,diallch01
409,Malachi Richardson,21,SAC,SG,22,0,198,.412,18.5,.588,.118,.103,.074,.294,.412,.500,.750,.286,.400,.500,.286,.650,.750,.015,1,.321,.444,1,0,,richama01
410,Mike Scott,28,ATL,PF,18,0,195,.288,16.1,.542,.119,.169,.169,.068,.458,.406,.571,.400,.300,.500,.148,.769,.750,.000,0,.222,.000,0,0,,scottmi01
411,Treveon Graham,23,CHO,SG,27,1,189,.475,14.1,.625,.275,.175,.025,.150,.375,.400,.455,.429,1.000,.167,.600,.600,1.000,.000,0,.400,.500,0,0,,grahatr01
412,Quinn Cook,23,2TM,PG,14,0,188,.500,16.8,.606,.167,.106,.106,.212,.394,.550,.545,.857,.571,.429,.423,.182,.636,.000,0,.154,.250,0,0,,cookqu01
412,Quinn Cook,23,DAL,PG,5,0,77,.440,18.9,.440,.040,.120,.080,.160,.560,.545,.000,1.000,.000,.750,.357,.000,.400,.000,0,.214,.000,0,0,,cookqu01
412,Quinn Cook,23,NOP,PG,9,0,111,.537,14.6,.707,.244,.098,.122,.244,.293,.552,.600,.750,.800,.300,.500,.250,.833,.000,0,.083,1.000,0,0,,cookqu01
413,Nicolás Laprovíttola,27,SAS,PG,18,3,174,.426,16.3,.426,.277,.085,.021,.064,.574,.500,.538,.250,1.000,.333,.370,.300,1.000,.000,0,.111,1.000,0,0,,laproni01
414,Marshall Plumlee,24,NYK,C,21,1,170,.533,3.8,1.000,.633,.233,.000,.100,.000,.533,.684,.286,,.333,,.500,,.167,5,,,0,0,,plumlma02
415,Malik Beasley,20,DEN,SG,22,1,165,.452,12.4,.616,.466,.014,.068,.068,.384,.533,.618,.000,.200,.400,.321,.417,1.000,.068,4,.429,.417,0,0,,beaslma01
416,A.J. Hammons,24,DAL,C,22,0,163,.405,15.4,.762,.190,.071,.143,.357,.238,.375,.500,.000,.167,.467,.500,.917,1.000,.095,4,.200,.000,0,0,,hammoaj01
417,Metta World Peace,37,LAL,SF,25,2,160,.279,19.6,.441,.132,.059,.059,.191,.559,.333,.444,.500,.500,.154,.237,.300,.889,.000,0,.263,.200,1,0,,artesro01
418,Anthony Brown,24,2TM,SF,11,0,159,.360,18.6,.460,.140,.100,.060,.160,.540,.478,.571,.400,.333,.500,.259,.545,.571,.040,2,.148,.500,0,0,,brownan02
418,Anthony Brown,24,NOP,SF,9,0,143,.341,18.2,.415,.171,.098,.049,.098,.585,.471,.571,.500,.000,.500,.250,.625,.667,.049,2,.167,.500,0,0,,brownan02
418,Anthony Brown,24,ORL,SF,2,0,16,.444,18.9,.667,.000,.111,.111,.444,.333,.500,,.000,1.000,.500,.333,.333,.000,.000,0,.000,,0,0,,brownan02
419,Alex Poythress,23,PHI,PF,6,1,157,.463,10.8,.648,.500,.074,.074,.000,.352,.543,.556,.750,.250,,.316,.579,1.000,.037,2,.316,.500,0,0,,poythal01
420,Mike Miller,36,DEN,SF,20,0,151,.391,23.5,.130,.000,.087,.000,.043,.870,.333,,.500,,.000,.400,1.000,1.000,.000,0,.050,.000,0,0,,millemi01
421,Henry Ellenson,20,DET,PF,19,2,146,.359,17.6,.453,.219,.047,.047,.156,.547,.448,.643,.333,.000,.300,.286,.615,1.000,.000,0,.171,.167,0,0,,ellenhe01
422,Jordan Mickey,22,BOS,PF,25,1,141,.441,5.3,.971,.676,.147,.000,.147,.029,.455,.522,.200,,.400,.000,.733,,.235,8,1.000,.000,0,0,,mickejo01
423,Joe Young,24,IND,PG,33,0,135,.361,16.3,.681,.181,.083,.153,.264,.319,.429,.462,.500,.273,.474,.217,.238,.400,.028,2,.174,.250,1,0,,youngjo01
424,Adreian Payne,25,MIN,PF,18,0,135,.426,12.6,.722,.315,.148,.074,.185,.278,.513,.471,.500,.750,.500,.200,.650,1.000,.074,4,.133,.000,0,0,,paynead01
425,Ronnie Price,33,PHO,PG,14,0,134,.167,21.3,.292,.083,.042,.083,.083,.708,.143,.000,.000,.500,.000,.176,.000,.667,.000,0,.235,.250,0,0,,pricero01
426,Udonis Haslem,36,MIA,C,16,0,130,.478,8.0,.870,.478,.217,.000,.174,.130,.550,.818,.400,,.000,.000,.636,,.043,1,.333,.000,0,0,,hasleud01
427,Nick Collison,36,OKC,PF,20,0,128,.609,5.3,.957,.565,.304,.043,.043,.043,.636,.769,.429,.000,1.000,.000,.643,,.043,1,.000,,0,0,,collini01
428,Norris Cole,28,OKC,PG,13,0,125,.308,14.8,.750,.173,.154,.135,.288,.250,.333,.333,.375,.286,.333,.231,.231,1.000,.000,0,.077,1.000,0,0,,coleno01
429,Bobby Brown,32,HOU,PG,25,0,123,.383,20.0,.417,.067,.133,.100,.117,.583,.360,.250,.375,.333,.429,.400,.222,.786,.000,0,.086,.667,0,0,,brownbo02
430,Joel Anthony,34,SAS,C,19,0,122,.625,3.8,1.000,.563,.313,.125,.000,.000,.625,.778,.400,.500,,,.800,,.250,4,,,0,0,,anthojo01
431,Jared Sullinger,24,TOR,PF,11,1,118,.319,15.6,.617,.255,.149,.085,.149,.383,.414,.583,.143,.500,.286,.167,.833,.667,.000,0,.056,1.000,0,0,,sullija01
432,Jarrod Uthoff,23,DAL,PF,9,0,115,.421,11.9,.763,.237,.211,.184,.132,.237,.448,.556,.500,.429,.200,.333,.615,.667,.132,3,.556,.600,0,0,,uthofja01
433,Chris Andersen,38,CLE,C,12,0,114,.409,7.4,.864,.636,.045,.045,.136,.136,.474,.500,1.000,.000,.333,.000,.556,,.136,3,.000,,0,0,,anderch01
434,Ryan Kelly,25,ATL,PF,16,0,110,.286,15.2,.643,.179,.179,.071,.214,.357,.222,.400,.000,.500,.167,.400,1.000,1.000,.036,1,.400,.750,0,0,,kellyry01
435,C.J. Wilcox,26,ORL,SG,22,0,108,.258,19.5,.516,.129,.000,.032,.355,.484,.313,.000,,1.000,.364,.200,.600,1.000,.000,0,.200,.000,0,0,,wilcocj01
436,Stephen Zimmerman,20,ORL,C,19,0,108,.323,8.1,1.000,.290,.323,.258,.129,.000,.323,.556,.300,.125,.250,,.600,,.065,2,,,0,0,,zimmest01
437,Christian Wood,21,CHO,PF,13,0,107,.522,7.2,.783,.652,.087,.043,.000,.217,.667,.800,.000,.000,,.000,.500,,.217,5,.200,.000,0,0,,woodch01
438,Gary Payton II,24,MIL,PG,6,0,99,.364,12.8,.591,.364,.136,.091,.000,.409,.538,.750,.000,.500,,.111,.571,1.000,.091,2,.000,,0,0,,paytoga02
439,Georges Niang,23,IND,PF,23,0,93,.250,12.0,.667,.306,.250,.083,.028,.333,.333,.455,.333,.000,.000,.083,.625,1.000,.000,0,.250,.333,0,0,,niangge01
440,Anderson Varejão,34,GSW,C,14,1,92,.357,5.0,1.000,.500,.357,.143,.000,.000,.357,.286,.400,.500,,,.600,,.000,0,,,0,0,,varejan01
441,Alonzo Gee,29,DEN,SF,13,0,89,.214,10.0,.786,.429,.143,.143,.000,.214,.273,.500,.000,.000,,.000,.667,,.143,2,.667,.000,0,0,,geeal01
442,Damian Jones,21,GSW,C,10,0,85,.500,8.4,1.000,.563,.000,.000,.438,.000,.500,.778,,,.143,,.750,,.188,3,,,0,0,,jonesda03
443,Pierre Jackson,25,DAL,PG,8,1,84,.333,14.3,.718,.282,.077,.103,.256,.282,.357,.455,.333,.250,.300,.273,.100,.667,.000,0,.091,1.000,0,0,,jackspi01
444,Tim Quarterman,22,POR,SG,16,0,80,.448,14.5,.552,.207,.103,.103,.138,.448,.500,.667,.667,.000,.500,.385,.125,.800,.034,1,.077,.000,0,0,,quartti01
445,Chris McCullough,21,2TM,PF,16,0,80,.500,17.2,.781,.438,.063,.125,.156,.219,.600,.571,.500,1.000,.400,.143,.667,1.000,.156,3,.286,.000,0,0,,mcculch01
445,Chris McCullough,21,BRK,PF,14,0,72,.516,10.4,.806,.452,.065,.129,.161,.194,.600,.571,.500,1.000,.400,.167,.667,1.000,.161,3,.333,.000,0,0,,mcculch01
445,Chris McCullough,21,WAS,PF,2,0,8,.000,24.0,.000,.000,.000,.000,.000,1.000,,,,,,.000,,,.000,0,.000,,0,0,,mcculch01
446,Johnny O'Bryant,23,2TM,PF,11,0,80,.500,11.3,.800,.300,.167,.200,.133,.200,.500,.667,.400,.500,.250,.500,.833,1.000,.067,2,.000,,0,0,,obryajo01
446,Johnny O'Bryant,23,DEN,PF,7,0,46,.467,10.5,.800,.333,.200,.133,.133,.200,.417,.800,.000,.500,.000,.667,1.000,1.000,.067,1,.000,,0,0,,obryajo01
446,Johnny O'Bryant,23,CHO,PF,4,0,34,.533,12.1,.800,.267,.133,.267,.133,.200,.583,.500,1.000,.500,.500,.333,.714,1.000,.067,1,.000,,0,0,,obryajo01
447,Reggie Williams,30,NOP,SF,6,0,79,.348,16.6,.522,.174,.087,.087,.174,.478,.250,.500,.000,.500,.000,.455,.333,.800,.000,0,.364,.250,0,0,,willire02
448,Tiago Splitter,32,PHI,C,8,0,76,.452,6.7,.806,.613,.194,.000,.000,.194,.480,.526,.333,,,.333,.750,1.000,.032,1,.167,.000,0,0,,splitti01
449,Daniel Ochefu,23,WAS,C,19,0,75,.444,3.7,1.000,.630,.296,.037,.037,.000,.444,.529,.375,.000,.000,,.667,,.148,4,,,0,0,,ochefda01
450,Jerryd Bayless,28,PHI,PG,3,1,71,.344,12.0,.844,.313,.094,.250,.188,.156,.333,.700,.333,.125,.000,.400,.222,.000,.000,0,.000,,0,0,,bayleje01
451,Jarell Eddie,25,PHO,SF,5,0,62,.316,21.9,.158,.105,.000,.053,.000,.842,.667,1.000,,.000,,.250,.500,1.000,.000,0,.250,.250,0,0,,eddieja01
452,Joel Bolomboy,23,UTA,PF,12,0,53,.563,8.6,.750,.500,.188,.000,.063,.250,.667,.750,.667,,.000,.250,.750,1.000,.250,3,.250,.000,0,0,,bolomjo01
453,Chinanu Onuaku,20,HOU,C,5,1,52,.714,2.1,1.000,.714,.286,.000,.000,.000,.714,.800,.500,,,,.800,,.429,2,,,0,0,,onuakch01
454,Isaiah Taylor,22,HOU,PG,4,0,52,.143,11.9,.714,.286,.286,.000,.143,.286,.200,.000,.000,,1.000,.000,1.000,,.000,0,.500,.000,0,0,,taylois01
455,Marcus Georges-Hunt,22,ORL,SG,5,0,48,.286,12.5,.714,.286,.286,.000,.143,.286,.200,.000,.500,,.000,.500,1.000,1.000,.000,0,.000,,0,0,,georgma01
456,Jordan Hill,29,MIN,C,7,0,47,.385,7.9,1.000,.385,.231,.154,.231,.000,.385,.600,.000,.000,.667,,.200,,.077,1,,,0,0,,hilljo01
457,Axel Toupane,24,2TM,SF,4,0,47,.556,21.0,.556,.111,.000,.000,.444,.444,.800,1.000,,,.750,.250,.750,1.000,.000,0,.750,.000,0,0,,toupaax01
457,Axel Toupane,24,MIL,SF,2,0,6,.000,23.0,.000,.000,.000,.000,.000,1.000,,,,,,.000,,,.000,0,1.000,.000,0,0,,toupaax01
457,Axel Toupane,24,NOP,SF,2,0,41,.625,19.0,.625,.125,.000,.000,.500,.375,.800,1.000,,,.750,.333,.750,1.000,.000,0,.667,.000,0,0,,toupaax01
458,Kyle Wiltjer,24,HOU,PF,14,0,44,.286,25.7,.071,.000,.000,.000,.071,.929,.000,,,,.000,.308,,.750,.000,0,.000,,0,0,,wiltjky01
459,Patricio Garino,23,ORL,SG,5,0,43,.000,22.8,.286,.000,.000,.000,.286,.714,.000,,,,.000,.000,,,.000,0,.800,.000,0,0,,garinpa01
460,Bruno Caboclo,21,TOR,SF,9,0,40,.375,13.5,.625,.313,.125,.000,.188,.375,.400,.400,.000,,.667,.333,.500,1.000,.063,1,.500,.000,0,0,,cabocbr01
461,Lamar Patterson,25,ATL,SG,5,0,40,.200,13.1,.600,.333,.133,.133,.000,.400,.222,.200,.000,.500,,.167,.000,1.000,.000,0,.167,1.000,0,0,,pattela01
462,Greivis Vásquez,30,BRK,PG,3,0,39,.250,14.2,.625,.125,.375,.125,.000,.375,.200,.000,.000,1.000,,.333,.000,.000,.000,0,.000,,0,0,,vasqugr01
463,Jordan Farmar,30,SAC,PG,2,0,35,.333,21.5,.250,.167,.083,.000,.000,.750,.000,.000,.000,,,.444,,.750,.000,0,.222,.000,0,0,,farmajo01
464,Jarrett Jack,33,NOP,PG,2,0,33,.667,15.2,.667,.333,.000,.000,.333,.333,1.000,1.000,,,1.000,.000,.500,,.000,0,1.000,.000,0,0,,jackja01
465,Michael Gbinije,24,DET,SG,9,0,32,.100,14.2,.600,.400,.000,.000,.200,.400,.167,.250,,,.000,.000,.000,,.000,0,.000,,0,0,,gbinimi01
466,Justin Harper,27,PHI,PF,3,0,31,.417,18.5,.417,.083,.167,.083,.083,.583,.600,1.000,.000,1.000,1.000,.286,1.000,1.000,.000,0,.000,,0,0,,harpeju01
467,Josh Huestis,25,OKC,PF,2,0,31,.545,12.5,.636,.364,.091,.000,.182,.364,.571,.750,.000,,.500,.500,.750,1.000,.364,3,.250,1.000,0,0,,huestjo01
468,Arinze Onuaku,29,ORL,C,8,0,28,.500,8.0,1.000,.000,.750,.250,.000,.000,.500,,.667,.000,,,1.000,,.000,0,,,0,0,,onuakar01
469,Edy Tavares,24,2TM,C,2,0,28,.800,2.3,1.000,.400,.600,.000,.000,.000,.800,1.000,.667,,,,.750,,.200,1,,,0,0,,tavarwa01
469,Edy Tavares,24,ATL,C,1,0,4,1.000,0.1,1.000,1.000,.000,.000,.000,.000,1.000,1.000,,,,,1.000,,1.000,1,,,0,0,,tavarwa01
469,Edy Tavares,24,CLE,C,1,0,24,.750,4.5,1.000,.250,.750,.000,.000,.000,.750,1.000,.667,,,,.667,,.000,0,,,0,0,,tavarwa01
470,Manny Harris,27,DAL,SG,4,0,25,.200,10.3,.867,.267,.333,.000,.267,.133,.231,.500,.200,,.000,.000,.333,,.000,0,.000,,0,0,,harrima01
471,Mike Tobey,22,CHO,C,2,0,25,.250,5.6,1.000,.750,.000,.000,.250,.000,.250,.333,,,.000,,.000,,.250,0,,,0,0,,tobeymi01
472,Diamond Stone,19,LAC,C,7,0,24,.231,10.3,1.000,.308,.231,.154,.308,.000,.231,.250,.000,.000,.500,,1.000,,.000,0,,,0,0,,stonedi01
473,Elijah Millsap,29,PHO,SG,2,0,23,.143,14.2,.714,.286,.143,.000,.286,.286,.200,.500,.000,,.000,.000,.000,,.000,0,.000,,0,0,,millsel01
474,Steve Novak,33,MIL,PF,8,0,22,.286,23.3,.143,.000,.143,.000,.000,.857,1.000,,1.000,,,.167,1.000,1.000,.000,0,.167,1.000,0,0,,novakst01
475,Gary Neal,32,ATL,SG,2,0,18,.000,19.8,.714,.000,.000,.143,.571,.286,.000,,,.000,.000,.000,,,.000,0,.000,,0,0,,nealga01
476,Aaron Harrison,22,CHO,SG,5,0,17,.000,22.2,.500,.000,.000,.000,.500,.500,.000,,,,.000,.000,,,.000,0,.500,.000,0,0,,harriaa01
477,Demetrius Jackson,22,BOS,PG,5,0,17,.750,15.2,.750,.250,.000,.000,.500,.250,.667,1.000,,,.500,1.000,.500,1.000,.000,0,.000,,0,0,,jacksde01
478,Larry Sanders,28,CLE,C,5,0,13,.250,2.8,1.000,.750,.250,.000,.000,.000,.250,.333,.000,,,,.000,,.000,0,,,0,0,,sandela01
479,John Jenkins,25,PHO,SG,4,0,13,.400,21.8,.600,.000,.000,.000,.600,.400,.333,,,,.333,.500,1.000,1.000,.000,0,.500,.000,0,0,,jenkijo01
480,Dahntay Jones,36,CLE,SF,1,0,12,.375,10.6,.750,.250,.250,.125,.125,.250,.500,1.000,.000,.000,1.000,.000,1.000,,.000,0,1.000,.000,0,0,,jonesda02
481,John Lucas III,34,MIN,PG,5,0,11,.250,13.8,.750,.250,.000,.500,.000,.250,.333,1.000,,.000,,.000,.000,,.000,0,.000,,0,0,,lucasjo02
482,Ben Bentil,21,DAL,PF,3,0,10,.000,15.6,.667,.000,.333,.000,.333,.333,.000,,.000,,.000,.000,,,.000,0,1.000,.000,0,0,,bentibe01
483,R.J. Hunter,23,CHI,SG,3,0,9,.000,24.9,.000,.000,.000,.000,.000,1.000,,,,,,.000,,,.000,0,.000,,0,0,,hunterj01
484,Brice Johnson,22,LAC,PF,3,0,9,.286,5.7,1.000,.429,.429,.143,.000,.000,.286,.667,.000,.000,,,.500,,.000,0,,,0,0,,johnsbr02
485,Jarnell Stokes,23,DEN,C,2,0,7,1.000,1.9,1.000,1.000,.000,.000,.000,.000,1.000,1.000,,,,,1.000,,.000,0,,,0,0,,stokeja01
486,Danuel House Jr.,23,WAS,SG,1,0,1,,,,,,,,,,,,,,,,,,0,,,0,0,,houseda01
,League Average,,,,,,,.457,13.0,.684,.290,.152,.099,.142,.316,.503,.631,.414,.412,.402,.358,.495,.835,.051,,.228,.388,,,,-9999